{"SourceCode": "{{\r\n  \"language\": \"Solidity\",\r\n  \"sources\": {\r\n    \"@openzeppelin/contracts/access/Ownable.sol\": {\r\n      \"content\": \"// SPDX-License-Identifier: MIT\\n// OpenZeppelin Contracts (last updated v4.7.0) (access/Ownable.sol)\\n\\npragma solidity ^0.8.0;\\n\\nimport \\\"../utils/Context.sol\\\";\\n\\n/**\\n * @dev Contract module which provides a basic access control mechanism, where\\n * there is an account (an owner) that can be granted exclusive access to\\n * specific functions.\\n *\\n * By default, the owner account will be the one that deploys the contract. This\\n * can later be changed with {transferOwnership}.\\n *\\n * This module is used through inheritance. It will make available the modifier\\n * `onlyOwner`, which can be applied to your functions to restrict their use to\\n * the owner.\\n */\\nabstract contract Ownable is Context {\\n    address private _owner;\\n\\n    event OwnershipTransferred(address indexed previousOwner, address indexed newOwner);\\n\\n    /**\\n     * @dev Initializes the contract setting the deployer as the initial owner.\\n     */\\n    constructor() {\\n        _transferOwnership(_msgSender());\\n    }\\n\\n    /**\\n     * @dev Throws if called by any account other than the owner.\\n     */\\n    modifier onlyOwner() {\\n        _checkOwner();\\n        _;\\n    }\\n\\n    /**\\n     * @dev Returns the address of the current owner.\\n     */\\n    function owner() public view virtual returns (address) {\\n        return _owner;\\n    }\\n\\n    /**\\n     * @dev Throws if the sender is not the owner.\\n     */\\n    function _checkOwner() internal view virtual {\\n        require(owner() == _msgSender(), \\\"Ownable: caller is not the owner\\\");\\n    }\\n\\n    /**\\n     * @dev Leaves the contract without owner. It will not be possible to call\\n     * `onlyOwner` functions anymore. Can only be called by the current owner.\\n     *\\n     * NOTE: Renouncing ownership will leave the contract without an owner,\\n     * thereby removing any functionality that is only available to the owner.\\n     */\\n    function renounceOwnership() public virtual onlyOwner {\\n        _transferOwnership(address(0));\\n    }\\n\\n    /**\\n     * @dev Transfers ownership of the contract to a new account (`newOwner`).\\n     * Can only be called by the current owner.\\n     */\\n    function transferOwnership(address newOwner) public virtual onlyOwner {\\n        require(newOwner != address(0), \\\"Ownable: new owner is the zero address\\\");\\n        _transferOwnership(newOwner);\\n    }\\n\\n    /**\\n     * @dev Transfers ownership of the contract to a new account (`newOwner`).\\n     * Internal function without access restriction.\\n     */\\n    function _transferOwnership(address newOwner) internal virtual {\\n        address oldOwner = _owner;\\n        _owner = newOwner;\\n        emit OwnershipTransferred(oldOwner, newOwner);\\n    }\\n}\\n\"\r\n    },\r\n    \"@openzeppelin/contracts/utils/Context.sol\": {\r\n      \"content\": \"// SPDX-License-Identifier: MIT\\n// OpenZeppelin Contracts v4.4.1 (utils/Context.sol)\\n\\npragma solidity ^0.8.0;\\n\\n/**\\n * @dev Provides information about the current execution context, including the\\n * sender of the transaction and its data. While these are generally available\\n * via msg.sender and msg.data, they should not be accessed in such a direct\\n * manner, since when dealing with meta-transactions the account sending and\\n * paying for execution may not be the actual sender (as far as an application\\n * is concerned).\\n *\\n * This contract is only required for intermediate, library-like contracts.\\n */\\nabstract contract Context {\\n    function _msgSender() internal view virtual returns (address) {\\n        return msg.sender;\\n    }\\n\\n    function _msgData() internal view virtual returns (bytes calldata) {\\n        return msg.data;\\n    }\\n}\\n\"\r\n    },\r\n    \"@openzeppelin/contracts/utils/introspection/IERC165.sol\": {\r\n      \"content\": \"// SPDX-License-Identifier: MIT\\n// OpenZeppelin Contracts v4.4.1 (utils/introspection/IERC165.sol)\\n\\npragma solidity ^0.8.0;\\n\\n/**\\n * @dev Interface of the ERC165 standard, as defined in the\\n * https://eips.ethereum.org/EIPS/eip-165[EIP].\\n *\\n * Implementers can declare support of contract interfaces, which can then be\\n * queried by others ({ERC165Checker}).\\n *\\n * For an implementation, see {ERC165}.\\n */\\ninterface IERC165 {\\n    /**\\n     * @dev Returns true if this contract implements the interface defined by\\n     * `interfaceId`. See the corresponding\\n     * https://eips.ethereum.org/EIPS/eip-165#how-interfaces-are-identified[EIP section]\\n     * to learn more about how these ids are created.\\n     *\\n     * This function call must use less than 30 000 gas.\\n     */\\n    function supportsInterface(bytes4 interfaceId) external view returns (bool);\\n}\\n\"\r\n    },\r\n    \"contracts/core/dependencies/ens/registry/ENS.sol\": {\r\n      \"content\": \"// SPDX-License-Identifier: UNLICENSED\\npragma solidity >=0.8.4;\\n\\ninterface ENS {\\n  /**\\n   * @dev Returns the address that owns the specified node.\\n   * @param node The specified node.\\n   * @return address of the owner.\\n   */\\n  function owner(bytes32 node) external view returns (address);\\n}\\n\"\r\n    },\r\n    \"contracts/core/dependencies/ens/reverseRegistrar/IReverseRegistrar.sol\": {\r\n      \"content\": \"// SPDX-License-Identifier: UNLICENSED\\npragma solidity >=0.8.4;\\n\\ninterface IReverseRegistrar {\\n  /**\\n   * @dev Transfers ownership of the reverse ENS record associated with the\\n   *      calling account.\\n   * @param owner The address to set as the owner of the reverse record in ENS.\\n   * @return The ENS node hash of the reverse record.\\n   */\\n  function claim(address owner) external returns (bytes32);\\n\\n  /**\\n   * @dev Sets the `name()` record for the reverse ENS record associated with\\n   * the calling account. First updates the resolver to the default reverse\\n   * resolver if necessary.\\n   * @param name The name to set for this address.\\n   * @return The ENS node hash of the reverse record.\\n   */\\n  function setName(string memory name) external returns (bytes32);\\n}\\n\"\r\n    },\r\n    \"contracts/core/dependencies/IERC634.sol\": {\r\n      \"content\": \"// SPDX-License-Identifier: UNLICENSED\\npragma solidity ^0.8.20;\\n\\n/**\\n * @title IERC634: Text Data Interface\\n * @dev This is the same as EIP-634 with different variable names\\n * - rename node -> dna\\n * - +calldata for key in text()\\n * - +external for text()\\n * - +memory for return value of text()\\n */\\ninterface IERC634 {\\n  /**\\n   * @notice Returns the text data associated with a DNA\\n   * @param dna A DNA to lookup text data for\\n   * @param key A key to lookup text data for\\n   * @return text The text data\\n   */\\n  function text(bytes32 dna, string calldata key) external view returns (string memory text);\\n}\\n\"\r\n    },\r\n    \"contracts/core/lib/ENSReverseClaimer.sol\": {\r\n      \"content\": \"//SPDX-License-Identifier: MIT\\npragma solidity ^0.8.20;\\n\\nimport {Ownable} from '@openzeppelin/contracts/access/Ownable.sol';\\nimport {ENS} from '../dependencies/ens/registry/ENS.sol';\\nimport {IReverseRegistrar} from '../dependencies/ens/reverseRegistrar/IReverseRegistrar.sol';\\n\\n/**\\n * @title ENSReverseClaimer\\n * @dev This contract is used to claim reverse ENS records.\\n */\\nabstract contract ENSReverseClaimer is Ownable {\\n  /// @dev The namehash of 'addr.reverse', the domain at which reverse records\\n  ///      are stored in ENS.\\n  bytes32 constant ADDR_REVERSE_NODE = 0x91d1777781884d03a6757a803996e38de2a42967fb37eeaca72729271025a9e2;\\n\\n  /**\\n   * @dev Transfers ownership of the reverse ENS record associated with the\\n   *      contract.\\n   * @param ens The ENS registry.\\n   * @param claimant The address to set as the owner of the reverse record in\\n   *                 ENS.\\n   * @return The ENS node hash of the reverse record.\\n   */\\n  function claimReverseENS(ENS ens, address claimant) external onlyOwner returns (bytes32) {\\n    return IReverseRegistrar(ens.owner(ADDR_REVERSE_NODE)).claim(claimant);\\n  }\\n\\n  /**\\n   * @dev Sets the reverse ENS record associated with the contract.\\n   * @param ens The ENS registry.\\n   * @param name The name to set as the reverse record in ENS.\\n   * @return The ENS node hash of the reverse record.\\n   */\\n  function setReverseENS(ENS ens, string calldata name) external onlyOwner returns (bytes32) {\\n    return IReverseRegistrar(ens.owner(ADDR_REVERSE_NODE)).setName(name);\\n  }\\n}\\n\"\r\n    },\r\n    \"contracts/core/lib/FuseGuard.sol\": {\r\n      \"content\": \"// SPDX-License-Identifier: GPL-3.0-or-later\\npragma solidity ^0.8.20;\\n\\nimport {Ownable} from '@openzeppelin/contracts/access/Ownable.sol';\\n\\n/**\\n * @title FuseGuard\\n * @dev A contract that manages fuses.\\n */\\nabstract contract FuseGuard {\\n  /// @dev Revert error when operation is blocked by burned fuse.\\n  error OperationBlockedByBurnedFuse();\\n}\\n\"\r\n    },\r\n    \"contracts/IOpenAvatar.sol\": {\r\n      \"content\": \"// SPDX-License-Identifier: GPL-3.0-or-later\\npragma solidity ^0.8.20;\\n\\n/**\\n * @title IOpenAvatarSentinel\\n * @dev An interface for the OpenAvatar sentinel.\\n */\\ninterface IOpenAvatarSentinel {\\n  /// @dev Returns true\\n  function openAvatar() external view returns (bool);\\n}\\n\\n/**\\n * @title IOpenAvatarGeneration\\n * @dev An interface for the OpenAvatar generation.\\n */\\ninterface IOpenAvatarGeneration {\\n  /// @dev Returns the generation of the OpenAvatar\\n  function openAvatarGeneration() external view returns (uint);\\n}\\n\\n/**\\n * @title IOpenAvatar\\n * @dev The OpenAvatar interface.\\n */\\ninterface IOpenAvatar is IOpenAvatarSentinel, IOpenAvatarGeneration {\\n\\n}\\n\"\r\n    },\r\n    \"contracts/IOpenAvatarGen0RendererRegistry.sol\": {\r\n      \"content\": \"// SPDX-License-Identifier: GPL-3.0-or-later\\npragma solidity ^0.8.20;\\n\\n/**\\n * @title IOpenAvatarGen0RendererRegistryRead\\n * @dev An interface for reading registered OpenAvatar renderers.\\n */\\ninterface IOpenAvatarGen0RendererRegistryRead {\\n  /////////////////////////////////////////////////////////////////////////////\\n  // Read\\n  /////////////////////////////////////////////////////////////////////////////\\n\\n  function getNumRenderers() external view returns (uint);\\n\\n  function getRendererByKey(string calldata key) external view returns (address);\\n\\n  function getRendererByDNA(bytes32 dna) external view returns (address);\\n\\n  function getDefaultRenderer() external view returns (address);\\n}\\n\\n/**\\n * @title IOpenAvatarGen0RendererRegistryWrite\\n * @dev An interface for registering OpenAvatar renderers.\\n */\\ninterface IOpenAvatarGen0RendererRegistryWrite {\\n  /////////////////////////////////////////////////////////////////////////////\\n  // Write\\n  /////////////////////////////////////////////////////////////////////////////\\n\\n  function addRenderer(string calldata key, address _renderer) external;\\n\\n  function setDefaultRendererByKey(string calldata key) external;\\n}\\n\\n/**\\n * @title IOpenAvatarGen0RendererRegistry\\n * @dev An interface for registering OpenAvatar renderers.\\n */\\ninterface IOpenAvatarGen0RendererRegistry is IOpenAvatarGen0RendererRegistryRead, IOpenAvatarGen0RendererRegistryWrite {\\n\\n}\\n\"\r\n    },\r\n    \"contracts/IOpenAvatarGen0TextRecords.sol\": {\r\n      \"content\": \"// SPDX-License-Identifier: GPL-3.0-or-later\\npragma solidity ^0.8.20;\\nimport {IERC634} from './core/dependencies/IERC634.sol';\\n\\n/**\\n * @title Text Record\\n * @notice A key-value string pair.\\n */\\nstruct TextRecord {\\n  string key;\\n  string value;\\n}\\n\\n/**\\n * @title DNA Text Record\\n * @notice A DNA and a key-value string pair.\\n */\\nstruct DNATextRecord {\\n  bytes32 dna;\\n  string key;\\n  string value;\\n}\\n\\n/**\\n * @title IOpenAvatarGen0TextRecords\\n * @dev The TextStore contract stores text data by 32-byte OpenAvatar DNA.\\n *\\n * This contract is based on ERC-634 originally developed for ENS.\\n */\\ninterface IOpenAvatarGen0TextRecords is IERC634 {\\n  function setText(bytes32 dna, string calldata key, string calldata value) external;\\n\\n  function setText2(\\n    bytes32 dna,\\n    string calldata key,\\n    string calldata value,\\n    string calldata key2,\\n    string calldata value2\\n  ) external;\\n\\n  function setText3(\\n    bytes32 dna,\\n    string calldata key,\\n    string calldata value,\\n    string calldata key2,\\n    string calldata value2,\\n    string calldata key3,\\n    string calldata value3\\n  ) external;\\n\\n  function setText4(\\n    bytes32 dna,\\n    string calldata key,\\n    string calldata value,\\n    string calldata key2,\\n    string calldata value2,\\n    string calldata key3,\\n    string calldata value3,\\n    string calldata key4,\\n    string calldata value4\\n  ) external;\\n\\n  function setTexts(bytes32 dna, TextRecord[] calldata records) external;\\n\\n  function setTextBatch(DNATextRecord[] calldata records) external;\\n}\\n\"\r\n    },\r\n    \"contracts/IOpenAvatarGen0Token.sol\": {\r\n      \"content\": \"// SPDX-License-Identifier: GPL-3.0-or-later\\npragma solidity ^0.8.20;\\n\\nimport {IOpenAvatar} from './IOpenAvatar.sol';\\n\\n/**\\n * @title OpenAvatarGen0TokenMetadata\\n * @dev The OpenAvatar metadata.\\n */\\nstruct OpenAvatarGen0TokenMetadata {\\n  uint generation;\\n  uint tokenId;\\n  bytes32 dna;\\n  address creator;\\n  address renderer;\\n}\\n\\n/**\\n * @title IOpenAvatarGen0TokenMetadata\\n * @dev An interface for the OpenAvatar metadata.\\n */\\ninterface IOpenAvatarGen0TokenMetadata {\\n  function getOpenAvatarGen0TokenMetadataByDNA(bytes32 dna) external view returns (OpenAvatarGen0TokenMetadata memory);\\n\\n  function getOpenAvatarGen0TokenMetadataByTokenId(\\n    uint tokenId\\n  ) external view returns (OpenAvatarGen0TokenMetadata memory);\\n\\n  function openAvatarURI(bytes32 dna) external view returns (string memory);\\n}\\n\\n/**\\n * @title IOpenAvatarGen0TokenDNA\\n * @dev An interface for the OpenAvatar DNA.\\n */\\ninterface IOpenAvatarGen0TokenDNA {\\n  function getDNAByTokenId(uint tokenId) external view returns (bytes32);\\n\\n  function getDNAsByTokenIds(uint[] calldata tokenIds) external view returns (bytes32[] memory);\\n\\n  function getTokenIdByDNA(bytes32 dna) external view returns (uint);\\n\\n  function getTokenIdsByDNAs(bytes32[] calldata dnas) external view returns (uint[] memory);\\n\\n  function creatorOf(uint tokenId) external view returns (address);\\n\\n  function creatorOfDNA(bytes32 dna) external view returns (address);\\n\\n  function ownerOfDNA(bytes32 dna) external view returns (address);\\n\\n  function ownerOfDNAs(bytes32[] calldata dnas) external view returns (address[] memory);\\n}\\n\\n/*\\n| Function                  | Mint State | Payment       | Batch  | Specify Recipient |\\n|---------------------------|------------|---------------|--------|-------------------|\\n| mint(dna)                 | Public     | mintPrice     | No     | No                |\\n| mintTo(to, dna)           | Public     | mintPrice     | No     | Yes               |\\n| mintBatch(dnas)           | Public     | mintPrice * N | Yes    | No                |\\n| mintBatchTo(to, dnas)     | Public     | mintPrice * N | Yes    | Yes               |\\n*/\\n\\n/**\\n * @title IOpenAvatarGen0TokenMintRead\\n * @notice An interface for reading OpenAvatar minting state.\\n */\\ninterface IOpenAvatarGen0TokenMintRead {\\n  /////////////////////////////////////////////////////////////////////////////\\n  // Supply\\n  /////////////////////////////////////////////////////////////////////////////\\n  function supplySoftCap() external view returns (uint16);\\n\\n  function supplyHardCap() external view returns (uint16);\\n\\n  /////////////////////////////////////////////////////////////////////////////\\n  // Mint Price\\n  /////////////////////////////////////////////////////////////////////////////\\n\\n  function getMintPrice() external view returns (uint);\\n\\n  /////////////////////////////////////////////////////////////////////////////\\n  // Mint State\\n  /////////////////////////////////////////////////////////////////////////////\\n\\n  function isMinted(bytes32 dna) external view returns (bool);\\n\\n  function isMintedEach(bytes32[] calldata dnas) external view returns (bool[] memory);\\n}\\n\\n/**\\n * @title IOpenAvatarGen0TokenMintWrite\\n * @notice An interface for minting OpenAvatars.\\n */\\ninterface IOpenAvatarGen0TokenMintWrite {\\n  /////////////////////////////////////////////////////////////////////////////\\n  // Mint\\n  /////////////////////////////////////////////////////////////////////////////\\n  function mint(bytes32 dna) external payable;\\n\\n  function mintTo(address to, bytes32 dna) external payable;\\n\\n  function mintBatch(bytes32[] calldata dnas) external payable;\\n\\n  function mintBatchTo(address to, bytes32[] calldata dnas) external payable;\\n}\\n\\n/**\\n * @title IOpenAvatarGen0TokenMintAdmin\\n * @notice An interface allowing the public mint price to be updated.\\n */\\ninterface IOpenAvatarGen0TokenMintAdmin {\\n  /////////////////////////////////////////////////////////////////////////////\\n  // Mint Price\\n  /////////////////////////////////////////////////////////////////////////////\\n  function setMintPrice(uint val) external;\\n}\\n\\n/**\\n * @title IOpenAvatarGen0TokenMint\\n * @notice The mint interfaces for OpenAvatarGen0Token.\\n */\\ninterface IOpenAvatarGen0TokenMint is\\n  IOpenAvatarGen0TokenMintRead,\\n  IOpenAvatarGen0TokenMintWrite,\\n  IOpenAvatarGen0TokenMintAdmin\\n{\\n\\n}\\n\\n/**\\n * @title IOpenAvatar\\n * @dev The OpenAvatar interface.\\n */\\ninterface IOpenAvatarGen0Token is\\n  IOpenAvatar,\\n  IOpenAvatarGen0TokenMetadata,\\n  IOpenAvatarGen0TokenDNA,\\n  IOpenAvatarGen0TokenMint\\n{\\n\\n}\\n\"\r\n    },\r\n    \"contracts/OpenAvatarGen0RendererRegistry.sol\": {\r\n      \"content\": \"// SPDX-License-Identifier: GPL-3.0-or-later\\npragma solidity ^0.8.20;\\n\\nimport {Ownable} from '@openzeppelin/contracts/access/Ownable.sol';\\nimport {IERC165} from '@openzeppelin/contracts/utils/introspection/IERC165.sol';\\nimport {ENSReverseClaimer} from './core/lib/ENSReverseClaimer.sol';\\nimport {FuseGuard} from './core/lib/FuseGuard.sol';\\nimport {IOpenAvatarGen0TokenDNA} from './IOpenAvatarGen0Token.sol';\\nimport {IOpenAvatarGen0RendererRegistry} from './IOpenAvatarGen0RendererRegistry.sol';\\nimport {IOpenAvatarGen0TextRecords} from './IOpenAvatarGen0TextRecords.sol';\\nimport {OpenAvatarGenerationZero} from './OpenAvatarGenerationZero.sol';\\n\\n/**\\n * @title OpenAvatarGen0RendererRegistry\\n * @author Cory Gabrielsen (cory.eth)\\n *\\n * @notice An append-only registry of OpenAvatarGen0Renderer contracts.\\n * @dev An append-only registry of renderer addresses.\\n *\\n *\\n * ----------------------------------------------------------------------------\\n * Renderer Registry\\n * ----------------------------------------------------------------------------\\n * A separate `OpenAvatarGen0RendererRegistry` contract is used to register\\n * Renderers for use by the `OpenAvatarGen0Token` contract.\\n *\\n * The `OpenAvatarGen0Token` contract determines which Renderer to use for a\\n * given token by delegating to the `OpenAvatarGen0RendererRegistry` contract.\\n *\\n * Default Renderer:\\n * The registry maintains a concept of \\\"default\\\" Renderer, which may be\\n * modified by the contract owner.\\n *\\n * Token Owners may optionally override the default Renderer for their token by\\n * writing a valid 'gen0.renderer` text record to the\\n * `OpenAvatarGen0TextRecords` contract.\\n *\\n * When the ERC721::tokenURI method is called, the Renderer (token default if\\n * exists, otherwise registry default) is called to render the URI.\\n *\\n * The net effect is that rendering is invariant and onchain.\\n *\\n * If further Renderers are made available by the registry owner, token owners\\n * may opt-in to those upgrades either in general (by not setting a token\\n * default) or explicit choice (by setting their corresponding text record).\\n *\\n * This \\\"soft-upgradeability\\\" can be sunset by burning the registry fuse which\\n * blocks further additions, thereby making the list of available Renderers\\n * fully immutable.\\n *\\n * At launch, two Renderers are provided, described below.\\n *\\n *\\n * ----------------------------------------------------------------------------\\n * 'base' Renderer\\n * ----------------------------------------------------------------------------\\n * A base Renderer is provided with the key \\\"base\\\".\\n *\\n * The 'base' Renderer renders the Avatar with transparent background as a\\n * forward-facing sprite.\\n *\\n *\\n * ----------------------------------------------------------------------------\\n * 'pfp' Renderer\\n * ----------------------------------------------------------------------------\\n * A Profile Picture Renderer is provided with the key \\\"pfp\\\".\\n *\\n * The 'pfp' Renderer renders the Avatar with a configurable background color\\n * determined by the 'gen0.renderer.pfp.background-color' text record, which\\n * should be a valid RGB hex color code (e.g. \\\"#ff0000\\\" for red).\\n *\\n * Further, the 'pfp' Renderer provides the option of masking the Avatar\\n * below the neck to create a \\\"floating head\\\" effect. This can be configured\\n * by setting the `gen0.renderer.pfp.mask` text record to \\\"below-the-neck\\\".\\n *\\n * The Profile Picture Renderer is a demonstration of combining the OpenAvatar\\n * building blocks together to create dynamic, owner-customizable behavior. It\\n * utilizes onchain assets, onchain rendering, and onchain text records to\\n * render a customizable Avatar pfp.\\n *\\n * This pattern is permissionless.\\n */\\ncontract OpenAvatarGen0RendererRegistry is\\n  IOpenAvatarGen0RendererRegistry,\\n  OpenAvatarGenerationZero,\\n  FuseGuard,\\n  ENSReverseClaimer\\n{\\n  /// @dev Event emitted when default renderer is changed.\\n  event DefaultRendererChange(string indexed key);\\n  /// @dev Event emitted when the fuse is burned to disable adding renderers.\\n  event FuseBurnedCanAddRenderer();\\n  /// @dev Event emitted when a renderer is added.\\n  event RendererAdd(string indexed key, address renderer);\\n\\n  /// @dev Error when a component is already initialized.\\n  error AlreadyInitialized();\\n  /// @dev Event emitted when an interface is not supported.\\n  error InterfaceUnsupported(address contractAddress, bytes4 interfaceId);\\n  /// @dev Revert error when renderer index is out of bounds.\\n  error RendererDoesNotExist(string key);\\n  /// @dev Revert error when renderer already exists.\\n  error RendererAlreadyExists(address renderer);\\n  /// @dev Event emitted when a renderer key already exists.\\n  error RendererKeyAlreadyExists(string key);\\n  /// @dev Revert error when renderer key is empty.\\n  error RendererKeyCannotBeEmpty();\\n\\n  /////////////////////////////////////////////////////////////////////////////\\n  // Dependencies\\n  /////////////////////////////////////////////////////////////////////////////\\n  /// @dev The ERC-165 interface id for the OpenAvatarGen0Renderer (dependency).\\n  bytes4 private constant INTERFACE_ID_OPENAVATAR_GEN0_RENDERER = 0xb93e4881;\\n  /// @dev The ERC-165 interface id for the OpenAvatarGen0TextRecords ERC-634 text() (dependency).\\n  bytes4 private constant INTERFACE_ID_OPENAVATAR_GEN0_TEXT = 0x59d1d43c;\\n\\n  /// @dev The text key for the renderer.\\n  string public constant TEXT_KEY_RENDERER = 'gen0.renderer';\\n\\n  /// @dev The OpenAvatarGen0TextRecords dependency.\\n  IOpenAvatarGen0TextRecords public openAvatarGen0TextRecords;\\n\\n  /// @dev The default renderer index.\\n  string private defaultRendererKey;\\n\\n  /// @dev The list of renderers.\\n  mapping(string key => address renderer) public renderers;\\n  /// @dev The list of renderer keys.\\n  string[] public rendererKeys;\\n  /// @dev The list of renderer keys by address.\\n  mapping(address renderer => bool) public isRenderer;\\n\\n  /////////////////////////////////////////////////////////////////////////////\\n  // Fuses\\n  /////////////////////////////////////////////////////////////////////////////\\n\\n  /// @dev Flag to indicate if the fuse has been burned for changing the mint state.\\n  bool public fuseBurnedCanAddRenderer = false;\\n\\n  /////////////////////////////////////////////////////////////////////////////\\n  // Initialization\\n  /////////////////////////////////////////////////////////////////////////////\\n\\n  constructor(address ownerProxy) {\\n    // will be deployed by ImmutableCreate2Factory and then transferred to the\\n    // configured owner.\\n    // using a proxy allows for using same constructor args and thus same\\n    // bytecode for all instances of this contract.\\n\\n    address wantOwner = Ownable(ownerProxy).owner();\\n    if (owner() != wantOwner) {\\n      transferOwnership(wantOwner);\\n    }\\n  }\\n\\n  /////////////////////////////////////////////////////////////////////////////\\n  // ERC-165: Standard Interface Detection\\n  /////////////////////////////////////////////////////////////////////////////\\n\\n  /**\\n   * @notice Checks if the contract supports an interface.\\n   * @param interfaceId The interface identifier, as specified in ERC-165.\\n   * @return True if the contract supports interfaceID, false otherwise.\\n   */\\n  function supportsInterface(bytes4 interfaceId) public pure override(OpenAvatarGenerationZero) returns (bool) {\\n    return\\n      interfaceId == 0x01ffc9a7 || // ERC165 interface ID for ERC165.\\n      // IOpenAvatar\\n      interfaceId == 0xfdf02ac8 || // ERC165 interface ID for IOpenAvatarGeneration.\\n      interfaceId == 0x7b65147c || // ERC165 interface ID for IOpenAvatarSentinel.\\n      interfaceId == 0x86953eb4 || // ERC165 interface ID for IOpenAvatar.\\n      // IOpenAvatarGen0RendererRegistry\\n      interfaceId == 0x8646df82; // ERC165 interface ID for IOpenAvatarGen0RendererRegistry\\n  }\\n\\n  /////////////////////////////////////////////////////////////////////////////\\n  // Initialize Dependencies\\n  /////////////////////////////////////////////////////////////////////////////\\n\\n  /**\\n   * @dev Initialize the contract.\\n   * @param openAvatarGen0TextRecords_ The address of the OpenAvatarGen0TextRecords contract.\\n   */\\n  function initialize(address openAvatarGen0TextRecords_) external onlyOwner {\\n    setOpenAvatarGen0TextRecords(openAvatarGen0TextRecords_);\\n  }\\n\\n  /**\\n   * @notice Check if the contract has been initialized.\\n   * @return True if the contract has been initialized, false otherwise.\\n   */\\n  function isInitialized() external view returns (bool) {\\n    return address(openAvatarGen0TextRecords) != address(0);\\n  }\\n\\n  /**\\n   * @notice Get the OpenAvatarGen0TextRecords.\\n   * @return The address of the OpenAvatarGen0TextRecords.\\n   */\\n  function getOpenAvatarGen0TextRecords() external view returns (address) {\\n    return address(openAvatarGen0TextRecords);\\n  }\\n\\n  /**\\n   * @notice Set the OpenAvatarGen0TextRecords address.\\n   * @param openAvatarGen0TextRecords_ The address of the OpenAvatarGen0TextRecords contract.\\n   */\\n  function setOpenAvatarGen0TextRecords(address openAvatarGen0TextRecords_) internal {\\n    // only set once\\n    if (address(openAvatarGen0TextRecords) != address(0)) revert AlreadyInitialized();\\n\\n    // check ERC-165 support\\n    // only text() interface is required\\n    if (!IERC165(openAvatarGen0TextRecords_).supportsInterface(INTERFACE_ID_OPENAVATAR_GEN0_TEXT)) {\\n      revert InterfaceUnsupported(openAvatarGen0TextRecords_, INTERFACE_ID_OPENAVATAR_GEN0_TEXT);\\n    }\\n\\n    // set\\n    openAvatarGen0TextRecords = IOpenAvatarGen0TextRecords(openAvatarGen0TextRecords_);\\n  }\\n\\n  /////////////////////////////////////////////////////////////////////////////\\n  // Default renderer\\n  /////////////////////////////////////////////////////////////////////////////\\n\\n  /**\\n   * @notice Returns the default Renderer address for all token ids.\\n   * @return The default Renderer address for all token ids.\\n   */\\n  function getDefaultRenderer() external view returns (address) {\\n    return renderers[defaultRendererKey];\\n  }\\n\\n  /**\\n   * @notice Sets the default Renderer address for all token ids.\\n   * @param key The key of the Renderer to set as the default.\\n   */\\n  function setDefaultRendererByKey(string calldata key) external onlyOwner {\\n    // check if the key exists\\n    address renderer = renderers[key];\\n    if (renderer == address(0)) revert RendererDoesNotExist(key);\\n    // check if the key is the same as the current default\\n    bool isSame = (bytes(defaultRendererKey).length == bytes(key).length) &&\\n      (keccak256(bytes(defaultRendererKey)) == keccak256(bytes(key)));\\n    if (isSame) return;\\n    // set the new default\\n    defaultRendererKey = key;\\n    emit DefaultRendererChange(key);\\n  }\\n\\n  /////////////////////////////////////////////////////////////////////////////\\n  // Read\\n  /////////////////////////////////////////////////////////////////////////////\\n\\n  /**\\n   * @notice Returns the number of renderers available.\\n   * @return The number of renderers available.\\n   */\\n  function getNumRenderers() external view returns (uint) {\\n    return rendererKeys.length;\\n  }\\n\\n  /**\\n   * @notice Returns the keys of the renderers.\\n   * @return The keys of the renderers.\\n   */\\n  function getRendererKeys() external view returns (string[] memory) {\\n    return rendererKeys;\\n  }\\n\\n  /**\\n   * @notice Returns the address of the renderer.\\n   * @return The address of the renderer or 0x0 if not found.\\n   */\\n  function getRendererByKey(string calldata key) external view returns (address) {\\n    return renderers[key];\\n  }\\n\\n  /**\\n   * @notice Returns the Renderer address for a given DNA.\\n   * @param dna The dna to lookup.\\n   * @return The Renderer address for the given DNA.\\n   * @dev If the DNA has not been minted, this will revert.\\n   */\\n  function getRendererByDNA(bytes32 dna) public view returns (address) {\\n    address renderer = address(0);\\n    if (address(openAvatarGen0TextRecords) != address(0)) {\\n      string memory rendererKey = openAvatarGen0TextRecords.text(dna, TEXT_KEY_RENDERER);\\n      renderer = renderers[rendererKey];\\n    }\\n    if (renderer == address(0)) return renderers[defaultRendererKey];\\n    return renderer;\\n  }\\n\\n  /////////////////////////////////////////////////////////////////////////////\\n  // Write\\n  /////////////////////////////////////////////////////////////////////////////\\n\\n  /**\\n   * @notice Pushes the address of the renderer to the end of the list.\\n   * @param key The key of the renderer.\\n   * @param renderer The address of the renderer.\\n   * @dev Only callable by owner. Reverts if the key already exists.\\n   */\\n  function addRenderer(string calldata key, address renderer) external onlyOwner {\\n    // fuse must not be burned\\n    if (fuseBurnedCanAddRenderer) revert OperationBlockedByBurnedFuse();\\n\\n    // key must not be empty\\n    if (bytes(key).length == 0) revert RendererKeyCannotBeEmpty();\\n\\n    // must support the interface\\n    if (!IERC165(renderer).supportsInterface(INTERFACE_ID_OPENAVATAR_GEN0_RENDERER)) {\\n      revert InterfaceUnsupported(renderer, INTERFACE_ID_OPENAVATAR_GEN0_RENDERER);\\n    }\\n\\n    // should not already exist\\n    if (renderers[key] != address(0)) revert RendererKeyAlreadyExists(key);\\n    // address should not already exist\\n    if (isRenderer[renderer]) revert RendererAlreadyExists(renderer);\\n\\n    // add the renderer\\n    renderers[key] = renderer;\\n    rendererKeys.push(key);\\n    isRenderer[renderer] = true;\\n    emit RendererAdd(key, renderer);\\n\\n    // set the default if it is empty\\n    if (bytes(defaultRendererKey).length == 0) {\\n      defaultRendererKey = key;\\n      emit DefaultRendererChange(key);\\n    }\\n  }\\n\\n  /////////////////////////////////////////////////////////////////\\n  // Fuse - Can Add Renderer\\n  /////////////////////////////////////////////////////////////////\\n\\n  /**\\n   * @notice Burn the fuse to permanently disable changing the public mint time.\\n   * @dev Only callable by owner.\\n   * @dev no-op if fuse is already burned\\n   */\\n  function burnFuseCanAddRenderer() external onlyOwner {\\n    if (fuseBurnedCanAddRenderer) return;\\n    fuseBurnedCanAddRenderer = true;\\n    emit FuseBurnedCanAddRenderer();\\n  }\\n\\n  /**\\n   * @notice Returns whether the fuse is burned to permanently disable changing the public mint time.\\n   * @return Whether the fuse is burned to permanently disable changing the public mint time.\\n   */\\n  function isFuseBurnedCanAddRenderer() external view returns (bool) {\\n    return fuseBurnedCanAddRenderer;\\n  }\\n}\\n\"\r\n    },\r\n    \"contracts/OpenAvatarGenerationZero.sol\": {\r\n      \"content\": \"// SPDX-License-Identifier: GPL-3.0-or-later\\npragma solidity ^0.8.20;\\n\\nimport {IOpenAvatar} from './IOpenAvatar.sol';\\n\\n/**\\n * @title IOpenAvatarGeneration\\n * @dev OpenAvatar Generation 0 common definitions.\\n */\\nabstract contract OpenAvatarGenerationZero is IOpenAvatar {\\n  /// @dev OpenAvatar Generation 0.\\n  uint public constant OPENAVATAR_GENERATION_ZERO = 0;\\n\\n  /////////////////////////////////////////////////////////////////////////////\\n  // IOpenAvatarGeneration\\n  /////////////////////////////////////////////////////////////////////////////\\n\\n  /**\\n   * @notice Returns 0, in reference to Open Avatar Generation 0.\\n   * @return 0 (zero).\\n   */\\n  function openAvatarGeneration() external pure returns (uint) {\\n    return OPENAVATAR_GENERATION_ZERO;\\n  }\\n\\n  /////////////////////////////////////////////////////////////////////////////\\n  // IOpenAvatarSentinel\\n  /////////////////////////////////////////////////////////////////////////////\\n\\n  /**\\n   * @notice Returns true.\\n   * @dev This is a sentinel function to indicate that this contract is an\\n   * OpenAvatar contract.\\n   * @return True.\\n   */\\n  function openAvatar() public pure returns (bool) {\\n    return true;\\n  }\\n\\n  /////////////////////////////////////////////////////////////////////////////\\n  // ERC-165: Standard Interface Detection\\n  /////////////////////////////////////////////////////////////////////////////\\n\\n  /**\\n   * @notice Checks if the contract supports an interface.\\n   * @param interfaceId The interface identifier, as specified in ERC-165.\\n   * @return True if the contract supports interfaceID, false otherwise.\\n   */\\n  function supportsInterface(bytes4 interfaceId) public pure virtual returns (bool) {\\n    return\\n      interfaceId == 0x01ffc9a7 || // ERC165 interface ID for ERC165.\\n      // IOpenAvatar\\n      interfaceId == 0xfdf02ac8 || // ERC165 interface ID for IOpenAvatarGeneration.\\n      interfaceId == 0x7b65147c || // ERC165 interface ID for IOpenAvatarSentinel.\\n      interfaceId == 0x86953eb4; // ERC165 interface ID for IOpenAvatar.\\n  }\\n}\\n\"\r\n    }\r\n  },\r\n  \"settings\": {\r\n    \"evmVersion\": \"shanghai\",\r\n    \"optimizer\": {\r\n      \"enabled\": true,\r\n      \"runs\": 1000000,\r\n      \"details\": {\r\n        \"yul\": true,\r\n        \"yulDetails\": {\r\n          \"stackAllocation\": true\r\n        }\r\n      }\r\n    },\r\n    \"viaIR\": true,\r\n    \"outputSelection\": {\r\n      \"*\": {\r\n        \"*\": [\r\n          \"evm.bytecode\",\r\n          \"evm.deployedBytecode\",\r\n          \"devdoc\",\r\n          \"userdoc\",\r\n          \"metadata\",\r\n          \"abi\"\r\n        ]\r\n      }\r\n    },\r\n    \"libraries\": {}\r\n  }\r\n}}", "ABI": "[{\"inputs\":[{\"internalType\":\"address\",\"name\":\"ownerProxy\",\"type\":\"address\"}],\"stateMutability\":\"nonpayable\",\"type\":\"constructor\"},{\"inputs\":[],\"name\":\"AlreadyInitialized\",\"type\":\"error\"},{\"inputs\":[{\"internalType\":\"address\",\"name\":\"contractAddress\",\"type\":\"address\"},{\"internalType\":\"bytes4\",\"name\":\"interfaceId\",\"type\":\"bytes4\"}],\"name\":\"InterfaceUnsupported\",\"type\":\"error\"},{\"inputs\":[],\"name\":\"OperationBlockedByBurnedFuse\",\"type\":\"error\"},{\"inputs\":[{\"internalType\":\"address\",\"name\":\"renderer\",\"type\":\"address\"}],\"name\":\"RendererAlreadyExists\",\"type\":\"error\"},{\"inputs\":[{\"internalType\":\"string\",\"name\":\"key\",\"type\":\"string\"}],\"name\":\"RendererDoesNotExist\",\"type\":\"error\"},{\"inputs\":[{\"internalType\":\"string\",\"name\":\"key\",\"type\":\"string\"}],\"name\":\"RendererKeyAlreadyExists\",\"type\":\"error\"},{\"inputs\":[],\"name\":\"RendererKeyCannotBeEmpty\",\"type\":\"error\"},{\"anonymous\":false,\"inputs\":[{\"indexed\":true,\"internalType\":\"string\",\"name\":\"key\",\"type\":\"string\"}],\"name\":\"DefaultRendererChange\",\"type\":\"event\"},{\"anonymous\":false,\"inputs\":[],\"name\":\"FuseBurnedCanAddRenderer\",\"type\":\"event\"},{\"anonymous\":false,\"inputs\":[{\"indexed\":true,\"internalType\":\"address\",\"name\":\"previousOwner\",\"type\":\"address\"},{\"indexed\":true,\"internalType\":\"address\",\"name\":\"newOwner\",\"type\":\"address\"}],\"name\":\"OwnershipTransferred\",\"type\":\"event\"},{\"anonymous\":false,\"inputs\":[{\"indexed\":true,\"internalType\":\"string\",\"name\":\"key\",\"type\":\"string\"},{\"indexed\":false,\"internalType\":\"address\",\"name\":\"renderer\",\"type\":\"address\"}],\"name\":\"RendererAdd\",\"type\":\"event\"},{\"inputs\":[],\"name\":\"OPENAVATAR_GENERATION_ZERO\",\"outputs\":[{\"internalType\":\"uint256\",\"name\":\"\",\"type\":\"uint256\"}],\"stateMutability\":\"view\",\"type\":\"function\"},{\"inputs\":[],\"name\":\"TEXT_KEY_RENDERER\",\"outputs\":[{\"internalType\":\"string\",\"name\":\"\",\"type\":\"string\"}],\"stateMutability\":\"view\",\"type\":\"function\"},{\"inputs\":[{\"internalType\":\"string\",\"name\":\"key\",\"type\":\"string\"},{\"internalType\":\"address\",\"name\":\"renderer\",\"type\":\"address\"}],\"name\":\"addRenderer\",\"outputs\":[],\"stateMutability\":\"nonpayable\",\"type\":\"function\"},{\"inputs\":[],\"name\":\"burnFuseCanAddRenderer\",\"outputs\":[],\"stateMutability\":\"nonpayable\",\"type\":\"function\"},{\"inputs\":[{\"internalType\":\"contract ENS\",\"name\":\"ens\",\"type\":\"address\"},{\"internalType\":\"address\",\"name\":\"claimant\",\"type\":\"address\"}],\"name\":\"claimReverseENS\",\"outputs\":[{\"internalType\":\"bytes32\",\"name\":\"\",\"type\":\"bytes32\"}],\"stateMutability\":\"nonpayable\",\"type\":\"function\"},{\"inputs\":[],\"name\":\"fuseBurnedCanAddRenderer\",\"outputs\":[{\"internalType\":\"bool\",\"name\":\"\",\"type\":\"bool\"}],\"stateMutability\":\"view\",\"type\":\"function\"},{\"inputs\":[],\"name\":\"getDefaultRenderer\",\"outputs\":[{\"internalType\":\"address\",\"name\":\"\",\"type\":\"address\"}],\"stateMutability\":\"view\",\"type\":\"function\"},{\"inputs\":[],\"name\":\"getNumRenderers\",\"outputs\":[{\"internalType\":\"uint256\",\"name\":\"\",\"type\":\"uint256\"}],\"stateMutability\":\"view\",\"type\":\"function\"},{\"inputs\":[],\"name\":\"getOpenAvatarGen0TextRecords\",\"outputs\":[{\"internalType\":\"address\",\"name\":\"\",\"type\":\"address\"}],\"stateMutability\":\"view\",\"type\":\"function\"},{\"inputs\":[{\"internalType\":\"bytes32\",\"name\":\"dna\",\"type\":\"bytes32\"}],\"name\":\"getRendererByDNA\",\"outputs\":[{\"internalType\":\"address\",\"name\":\"\",\"type\":\"address\"}],\"stateMutability\":\"view\",\"type\":\"function\"},{\"inputs\":[{\"internalType\":\"string\",\"name\":\"key\",\"type\":\"string\"}],\"name\":\"getRendererByKey\",\"outputs\":[{\"internalType\":\"address\",\"name\":\"\",\"type\":\"address\"}],\"stateMutability\":\"view\",\"type\":\"function\"},{\"inputs\":[],\"name\":\"getRendererKeys\",\"outputs\":[{\"internalType\":\"string[]\",\"name\":\"\",\"type\":\"string[]\"}],\"stateMutability\":\"view\",\"type\":\"function\"},{\"inputs\":[{\"internalType\":\"address\",\"name\":\"openAvatarGen0TextRecords_\",\"type\":\"address\"}],\"name\":\"initialize\",\"outputs\":[],\"stateMutability\":\"nonpayable\",\"type\":\"function\"},{\"inputs\":[],\"name\":\"isFuseBurnedCanAddRenderer\",\"outputs\":[{\"internalType\":\"bool\",\"name\":\"\",\"type\":\"bool\"}],\"stateMutability\":\"view\",\"type\":\"function\"},{\"inputs\":[],\"name\":\"isInitialized\",\"outputs\":[{\"internalType\":\"bool\",\"name\":\"\",\"type\":\"bool\"}],\"stateMutability\":\"view\",\"type\":\"function\"},{\"inputs\":[{\"internalType\":\"address\",\"name\":\"renderer\",\"type\":\"address\"}],\"name\":\"isRenderer\",\"outputs\":[{\"internalType\":\"bool\",\"name\":\"\",\"type\":\"bool\"}],\"stateMutability\":\"view\",\"type\":\"function\"},{\"inputs\":[],\"name\":\"openAvatar\",\"outputs\":[{\"internalType\":\"bool\",\"name\":\"\",\"type\":\"bool\"}],\"stateMutability\":\"pure\",\"type\":\"function\"},{\"inputs\":[],\"name\":\"openAvatarGen0TextRecords\",\"outputs\":[{\"internalType\":\"contract IOpenAvatarGen0TextRecords\",\"name\":\"\",\"type\":\"address\"}],\"stateMutability\":\"view\",\"type\":\"function\"},{\"inputs\":[],\"name\":\"openAvatarGeneration\",\"outputs\":[{\"internalType\":\"uint256\",\"name\":\"\",\"type\":\"uint256\"}],\"stateMutability\":\"pure\",\"type\":\"function\"},{\"inputs\":[],\"name\":\"owner\",\"outputs\":[{\"internalType\":\"address\",\"name\":\"\",\"type\":\"address\"}],\"stateMutability\":\"view\",\"type\":\"function\"},{\"inputs\":[{\"internalType\":\"uint256\",\"name\":\"\",\"type\":\"uint256\"}],\"name\":\"rendererKeys\",\"outputs\":[{\"internalType\":\"string\",\"name\":\"\",\"type\":\"string\"}],\"stateMutability\":\"view\",\"type\":\"function\"},{\"inputs\":[{\"internalType\":\"string\",\"name\":\"key\",\"type\":\"string\"}],\"name\":\"renderers\",\"outputs\":[{\"internalType\":\"address\",\"name\":\"renderer\",\"type\":\"address\"}],\"stateMutability\":\"view\",\"type\":\"function\"},{\"inputs\":[],\"name\":\"renounceOwnership\",\"outputs\":[],\"stateMutability\":\"nonpayable\",\"type\":\"function\"},{\"inputs\":[{\"internalType\":\"string\",\"name\":\"key\",\"type\":\"string\"}],\"name\":\"setDefaultRendererByKey\",\"outputs\":[],\"stateMutability\":\"nonpayable\",\"type\":\"function\"},{\"inputs\":[{\"internalType\":\"contract ENS\",\"name\":\"ens\",\"type\":\"address\"},{\"internalType\":\"string\",\"name\":\"name\",\"type\":\"string\"}],\"name\":\"setReverseENS\",\"outputs\":[{\"internalType\":\"bytes32\",\"name\":\"\",\"type\":\"bytes32\"}],\"stateMutability\":\"nonpayable\",\"type\":\"function\"},{\"inputs\":[{\"internalType\":\"bytes4\",\"name\":\"interfaceId\",\"type\":\"bytes4\"}],\"name\":\"supportsInterface\",\"outputs\":[{\"internalType\":\"bool\",\"name\":\"\",\"type\":\"bool\"}],\"stateMutability\":\"pure\",\"type\":\"function\"},{\"inputs\":[{\"internalType\":\"address\",\"name\":\"newOwner\",\"type\":\"address\"}],\"name\":\"transferOwnership\",\"outputs\":[],\"stateMutability\":\"nonpayable\",\"type\":\"function\"}]", "ContractName": "OpenAvatarGen0RendererRegistry", "CompilerVersion": "v0.8.20+commit.a1b79de6", "OptimizationUsed": "1", "Runs": "1000000", "ConstructorArguments": "00000000000000000000000000000000000027390b412440c58100929acfeae2", "EVMVersion": "shanghai", "Library": "", "LicenseType": "", "Proxy": "0", "Implementation": "", "SwarmSource": ""}