{"SourceCode": "{{\r\n  \"language\": \"Solidity\",\r\n  \"sources\": {\r\n    \"src/StashFactory.sol\": {\r\n      \"content\": \"// SPDX-License-Identifier: MIT\\n\\npragma solidity 0.8.23;\\n\\nimport {OwnableRoles} from \\\"lib/solady/src/auth/OwnableRoles.sol\\\";\\nimport {ERC1967Factory} from \\\"./ERC1967Factory.sol\\\";\\nimport {StashVerifier} from \\\"./StashVerifier.sol\\\";\\nimport {IStash} from \\\"./interfaces/IStash.sol\\\";\\n\\n/**\\n * @title StashFactory\\n * @author Yuga Labs\\n * @custom:security-contact security@yugalabs.io\\n * @notice Factory contract for deploying and upgrading Stash contracts.\\n */\\ncontract StashFactory is OwnableRoles, ERC1967Factory {\\n    // ------------------------- EVENTS -------------------------\\n\\n    /// @dev Emitted when an auction is marked as valid or invalid.\\n    event AuctionSet(address indexed auction, bool indexed isAuction);\\n\\n    /// @dev Emitted when a new version of the Stash implementation is added.\\n    event VersionAdded(uint256 indexed version, address indexed implementation);\\n\\n    // --------------------- CUSTOM ERRORS ---------------------\\n\\n    /// @dev The given address has already deployed a stash.\\n    error AlreadyDeployed();\\n\\n    /// @dev The deployed Stash address does not match the predicted address.\\n    error StashAddressMismatch();\\n\\n    /// @dev The Stash is attempting to upgrade to a version it is already on.\\n    error AlreadyOnCurrentVersion();\\n\\n    /// @dev Contract owner is attempting to add a version, but the implementation's version() function does not match.\\n    error InvalidVersion(uint256 expectedVersion, uint256 actualVersion);\\n\\n    // ----------------- CONSTANTS & IMMUTABLES -----------------\\n\\n    /// @dev StashVerifier is used as a passthrough to read from the Stash implementation since StashFactory cannot call the Stash directly\\n    StashVerifier private immutable _STASH_VERIFIER;\\n\\n    /// @dev The role that can add new versions of the Stash implementation\\n    uint256 private constant _VERSION_MANAGER_ROLE = _ROLE_69;\\n\\n    /// @dev The role that can mark auctions as valid or invalid\\n    uint256 private constant _AUCTION_MANAGER_ROLE = _ROLE_42;\\n\\n    // --------------------- STORAGE ---------------------\\n\\n    /// @dev a mapping of auction addresses to whether or not they have been marked as valid\\n    mapping(address auction => bool isValid) private auctions;\\n\\n    /// @dev a mapping of Stash version numbers to Stash implementation addresses\\n    mapping(uint256 version => address implementation) public implementations;\\n\\n    /// @dev the current version of the Stash implementation.\\n    uint256 public currentVersion;\\n\\n    // -------------------- CONSTRUCTOR --------------------\\n\\n    /**\\n     * @notice Deploys the first version of the Stash implementation and sets the owner to the deployer.\\n     */\\n    constructor() {\\n        _initializeOwner(tx.origin);\\n\\n        _STASH_VERIFIER = new StashVerifier();\\n    }\\n\\n    // --------------------- EXTERNAL ---------------------\\n\\n    /**\\n     * @notice Deploys a new Stash contract using the current implementation, and returns the address.\\n     * @param _owner The owner of the new Stash contract.\\n     * @return deployedAddress The address of the newly deployed Stash contract.\\n     * @dev Deploys a new Stash contract using the current implementation. Any caller can deploy a stash for any owner.\\n     * for example, a mint contract can deploy a stash for a user as a part of the mint transaction.\\n     */\\n    function deployStash(address _owner) external returns (address deployedAddress) {\\n        uint256 codeSize;\\n        address predictedAddress = _predictDeterministicAddress(_salt(_owner));\\n\\n        assembly {\\n            codeSize := extcodesize(predictedAddress)\\n        }\\n\\n        if (codeSize > 0) revert AlreadyDeployed();\\n\\n        address _implementation = implementations[currentVersion];\\n        bytes memory data = abi.encodeWithSignature(\\\"initialize(address)\\\", _owner);\\n\\n        deployedAddress = _deploy(_implementation, _salt(_owner), data);\\n\\n        if (deployedAddress != predictedAddress) revert StashAddressMismatch();\\n    }\\n\\n    /**\\n     * @notice Upgrades a Stash contract to the latest version.\\n     * @dev Upgrades a Stash contract to the latest version. Only callable by Stash owner. Reverts if already on the latest version\\n     */\\n    function upgradeStash() external {\\n        address stash = _predictDeterministicAddress(_salt(msg.sender));\\n\\n        if (_isCurrent(stash)) revert AlreadyOnCurrentVersion();\\n        _upgrade(stash, implementations[currentVersion], _emptyData());\\n    }\\n\\n    /**\\n     * @notice Flags an auction as valid or invalid.\\n     * @param auction The address of the auction to flag.\\n     * @param _isAuction Whether or not the auction is valid.\\n     * @dev Stash contracts can only submit bids on valid auctions.\\n     */\\n    function setAuction(address auction, bool _isAuction) external onlyOwnerOrRoles(_AUCTION_MANAGER_ROLE) {\\n        auctions[auction] = _isAuction;\\n\\n        emit AuctionSet(auction, _isAuction);\\n    }\\n\\n    /**\\n     * @notice Adds a new version of the Stash implementation. Any newly deployed stashs will use the most\\n     * recent version.\\n     * @param implementation Address of new implementation. Version number is read from the implementation and must match next version.\\n     */\\n    function addVersion(address implementation) external onlyOwnerOrRoles(_VERSION_MANAGER_ROLE) {\\n        uint256 expectedVersion = ++currentVersion;\\n        uint256 actualVersion = IStash(payable(implementation)).version();\\n        if (actualVersion != expectedVersion) revert InvalidVersion(expectedVersion, actualVersion);\\n\\n        implementations[expectedVersion] = implementation;\\n\\n        emit VersionAdded(expectedVersion, implementation);\\n    }\\n\\n    // --------------------- VIEW ---------------------\\n\\n    /**\\n     * @notice Returns the address of the Stash contract for a given owner, regardless of whether or not it\\n     * has been deployed yet.\\n     * @param stashOwner The owner of the Stash contract\\n     * @return stash The address of the Stash contract\\n     */\\n    function stashAddressFor(address stashOwner) external view returns (address) {\\n        return _predictDeterministicAddress(_salt(stashOwner));\\n    }\\n\\n    /**\\n     * @notice Returns whether or not an auction is valid.\\n     * @param auctionAddress The address to check.\\n     */\\n    function isAuction(address auctionAddress) external view returns (bool) {\\n        return auctions[auctionAddress];\\n    }\\n\\n    /**\\n     * @notice Returns whether or not a stash is valid from the perspective of the auction manager\\n     * this requires a separate passthrough contract because calling the stash storage contract from\\n     * within the auction manager will not delegate the call to the implementation.\\n     * @param stashAddress The address to check.\\n     */\\n    function isStash(address stashAddress) external view returns (bool) {\\n        return _STASH_VERIFIER.isStash(stashAddress);\\n    }\\n\\n    /**\\n     * @notice Returns whether or not a stash has been deployed for a given owner.\\n     * @param owner An address to check.\\n     * @dev This function is meant for convenience. It uses extcodesize to check if a contract has been deployed to the\\n     * predicted address. It is not a perfect check, and will return false if called from within a constructor of a Stash.\\n     */\\n    function ownerHasDeployed(address owner) external view returns (bool) {\\n        uint256 codeSize;\\n        address predictedAddress = _predictDeterministicAddress(_salt(owner));\\n\\n        assembly {\\n            codeSize := extcodesize(predictedAddress)\\n        }\\n\\n        return codeSize > 0;\\n    }\\n\\n    /**\\n     * @notice Returns the stash verifier address\\n     */\\n    function stashVerifier() external view returns (address) {\\n        return address(_STASH_VERIFIER);\\n    }\\n\\n    // --------------------- INTERNAL VIEW ---------------------\\n\\n    function _isCurrent(address stash) internal view returns (bool) {\\n        return _STASH_VERIFIER.stashVersion(stash) == currentVersion;\\n    }\\n\\n    function _salt(address stashOwner) internal pure returns (bytes32 salt) {\\n        bytes32 phrase = keccak256(abi.encodePacked(\\\"GAGAGGA GEEEE GOGOGOGGGO\\\"));\\n        bytes12 extraData = bytes12(phrase);\\n\\n        salt = bytes32((uint256(uint160(stashOwner)) << 96) | uint96(extraData));\\n    }\\n}\\n\"\r\n    },\r\n    \"lib/solady/src/auth/OwnableRoles.sol\": {\r\n      \"content\": \"// SPDX-License-Identifier: MIT\\npragma solidity ^0.8.4;\\n\\nimport {Ownable} from \\\"./Ownable.sol\\\";\\n\\n/// @notice Simple single owner and multiroles authorization mixin.\\n/// @author Solady (https://github.com/vectorized/solady/blob/main/src/auth/Ownable.sol)\\n/// @dev While the ownable portion follows [EIP-173](https://eips.ethereum.org/EIPS/eip-173)\\n/// for compatibility, the nomenclature for the 2-step ownership handover and roles\\n/// may be unique to this codebase.\\nabstract contract OwnableRoles is Ownable {\\n    /*\u00b4:\u00b0\u2022.\u00b0+.*\u2022\u00b4.*:\u02da.\u00b0*.\u02da\u2022\u00b4.\u00b0:\u00b0\u2022.\u00b0\u2022.*\u2022\u00b4.*:\u02da.\u00b0*.\u02da\u2022\u00b4.\u00b0:\u00b0\u2022.\u00b0+.*\u2022\u00b4.*:*/\\n    /*                           EVENTS                           */\\n    /*.\u2022\u00b0:\u00b0.\u00b4+\u02da.*\u00b0.\u02da:*.\u00b4\u2022*.+\u00b0.\u2022\u00b0:\u00b4*.\u00b4\u2022*.\u2022\u00b0.\u2022\u00b0:\u00b0.\u00b4:\u2022\u02da\u00b0.*\u00b0.\u02da:*.\u00b4+\u00b0.\u2022*/\\n\\n    /// @dev The `user`'s roles is updated to `roles`.\\n    /// Each bit of `roles` represents whether the role is set.\\n    event RolesUpdated(address indexed user, uint256 indexed roles);\\n\\n    /// @dev `keccak256(bytes(\\\"RolesUpdated(address,uint256)\\\"))`.\\n    uint256 private constant _ROLES_UPDATED_EVENT_SIGNATURE =\\n        0x715ad5ce61fc9595c7b415289d59cf203f23a94fa06f04af7e489a0a76e1fe26;\\n\\n    /*\u00b4:\u00b0\u2022.\u00b0+.*\u2022\u00b4.*:\u02da.\u00b0*.\u02da\u2022\u00b4.\u00b0:\u00b0\u2022.\u00b0\u2022.*\u2022\u00b4.*:\u02da.\u00b0*.\u02da\u2022\u00b4.\u00b0:\u00b0\u2022.\u00b0+.*\u2022\u00b4.*:*/\\n    /*                          STORAGE                           */\\n    /*.\u2022\u00b0:\u00b0.\u00b4+\u02da.*\u00b0.\u02da:*.\u00b4\u2022*.+\u00b0.\u2022\u00b0:\u00b4*.\u00b4\u2022*.\u2022\u00b0.\u2022\u00b0:\u00b0.\u00b4:\u2022\u02da\u00b0.*\u00b0.\u02da:*.\u00b4+\u00b0.\u2022*/\\n\\n    /// @dev The role slot of `user` is given by:\\n    /// ```\\n    ///     mstore(0x00, or(shl(96, user), _ROLE_SLOT_SEED))\\n    ///     let roleSlot := keccak256(0x00, 0x20)\\n    /// ```\\n    /// This automatically ignores the upper bits of the `user` in case\\n    /// they are not clean, as well as keep the `keccak256` under 32-bytes.\\n    ///\\n    /// Note: This is equivalent to `uint32(bytes4(keccak256(\\\"_OWNER_SLOT_NOT\\\")))`.\\n    uint256 private constant _ROLE_SLOT_SEED = 0x8b78c6d8;\\n\\n    /*\u00b4:\u00b0\u2022.\u00b0+.*\u2022\u00b4.*:\u02da.\u00b0*.\u02da\u2022\u00b4.\u00b0:\u00b0\u2022.\u00b0\u2022.*\u2022\u00b4.*:\u02da.\u00b0*.\u02da\u2022\u00b4.\u00b0:\u00b0\u2022.\u00b0+.*\u2022\u00b4.*:*/\\n    /*                     INTERNAL FUNCTIONS                     */\\n    /*.\u2022\u00b0:\u00b0.\u00b4+\u02da.*\u00b0.\u02da:*.\u00b4\u2022*.+\u00b0.\u2022\u00b0:\u00b4*.\u00b4\u2022*.\u2022\u00b0.\u2022\u00b0:\u00b0.\u00b4:\u2022\u02da\u00b0.*\u00b0.\u02da:*.\u00b4+\u00b0.\u2022*/\\n\\n    /// @dev Overwrite the roles directly without authorization guard.\\n    function _setRoles(address user, uint256 roles) internal virtual {\\n        /// @solidity memory-safe-assembly\\n        assembly {\\n            mstore(0x0c, _ROLE_SLOT_SEED)\\n            mstore(0x00, user)\\n            // Store the new value.\\n            sstore(keccak256(0x0c, 0x20), roles)\\n            // Emit the {RolesUpdated} event.\\n            log3(0, 0, _ROLES_UPDATED_EVENT_SIGNATURE, shr(96, mload(0x0c)), roles)\\n        }\\n    }\\n\\n    /// @dev Updates the roles directly without authorization guard.\\n    /// If `on` is true, each set bit of `roles` will be turned on,\\n    /// otherwise, each set bit of `roles` will be turned off.\\n    function _updateRoles(address user, uint256 roles, bool on) internal virtual {\\n        /// @solidity memory-safe-assembly\\n        assembly {\\n            mstore(0x0c, _ROLE_SLOT_SEED)\\n            mstore(0x00, user)\\n            let roleSlot := keccak256(0x0c, 0x20)\\n            // Load the current value.\\n            let current := sload(roleSlot)\\n            // Compute the updated roles if `on` is true.\\n            let updated := or(current, roles)\\n            // Compute the updated roles if `on` is false.\\n            // Use `and` to compute the intersection of `current` and `roles`,\\n            // `xor` it with `current` to flip the bits in the intersection.\\n            if iszero(on) { updated := xor(current, and(current, roles)) }\\n            // Then, store the new value.\\n            sstore(roleSlot, updated)\\n            // Emit the {RolesUpdated} event.\\n            log3(0, 0, _ROLES_UPDATED_EVENT_SIGNATURE, shr(96, mload(0x0c)), updated)\\n        }\\n    }\\n\\n    /// @dev Grants the roles directly without authorization guard.\\n    /// Each bit of `roles` represents the role to turn on.\\n    function _grantRoles(address user, uint256 roles) internal virtual {\\n        _updateRoles(user, roles, true);\\n    }\\n\\n    /// @dev Removes the roles directly without authorization guard.\\n    /// Each bit of `roles` represents the role to turn off.\\n    function _removeRoles(address user, uint256 roles) internal virtual {\\n        _updateRoles(user, roles, false);\\n    }\\n\\n    /// @dev Throws if the sender does not have any of the `roles`.\\n    function _checkRoles(uint256 roles) internal view virtual {\\n        /// @solidity memory-safe-assembly\\n        assembly {\\n            // Compute the role slot.\\n            mstore(0x0c, _ROLE_SLOT_SEED)\\n            mstore(0x00, caller())\\n            // Load the stored value, and if the `and` intersection\\n            // of the value and `roles` is zero, revert.\\n            if iszero(and(sload(keccak256(0x0c, 0x20)), roles)) {\\n                mstore(0x00, 0x82b42900) // `Unauthorized()`.\\n                revert(0x1c, 0x04)\\n            }\\n        }\\n    }\\n\\n    /// @dev Throws if the sender is not the owner,\\n    /// and does not have any of the `roles`.\\n    /// Checks for ownership first, then lazily checks for roles.\\n    function _checkOwnerOrRoles(uint256 roles) internal view virtual {\\n        /// @solidity memory-safe-assembly\\n        assembly {\\n            // If the caller is not the stored owner.\\n            // Note: `_ROLE_SLOT_SEED` is equal to `_OWNER_SLOT_NOT`.\\n            if iszero(eq(caller(), sload(not(_ROLE_SLOT_SEED)))) {\\n                // Compute the role slot.\\n                mstore(0x0c, _ROLE_SLOT_SEED)\\n                mstore(0x00, caller())\\n                // Load the stored value, and if the `and` intersection\\n                // of the value and `roles` is zero, revert.\\n                if iszero(and(sload(keccak256(0x0c, 0x20)), roles)) {\\n                    mstore(0x00, 0x82b42900) // `Unauthorized()`.\\n                    revert(0x1c, 0x04)\\n                }\\n            }\\n        }\\n    }\\n\\n    /// @dev Throws if the sender does not have any of the `roles`,\\n    /// and is not the owner.\\n    /// Checks for roles first, then lazily checks for ownership.\\n    function _checkRolesOrOwner(uint256 roles) internal view virtual {\\n        /// @solidity memory-safe-assembly\\n        assembly {\\n            // Compute the role slot.\\n            mstore(0x0c, _ROLE_SLOT_SEED)\\n            mstore(0x00, caller())\\n            // Load the stored value, and if the `and` intersection\\n            // of the value and `roles` is zero, revert.\\n            if iszero(and(sload(keccak256(0x0c, 0x20)), roles)) {\\n                // If the caller is not the stored owner.\\n                // Note: `_ROLE_SLOT_SEED` is equal to `_OWNER_SLOT_NOT`.\\n                if iszero(eq(caller(), sload(not(_ROLE_SLOT_SEED)))) {\\n                    mstore(0x00, 0x82b42900) // `Unauthorized()`.\\n                    revert(0x1c, 0x04)\\n                }\\n            }\\n        }\\n    }\\n\\n    /// @dev Convenience function to return a `roles` bitmap from an array of `ordinals`.\\n    /// This is meant for frontends like Etherscan, and is therefore not fully optimized.\\n    /// Not recommended to be called on-chain.\\n    /// Made internal to conserve bytecode. Wrap it in a public function if needed.\\n    function _rolesFromOrdinals(uint8[] memory ordinals) internal pure returns (uint256 roles) {\\n        /// @solidity memory-safe-assembly\\n        assembly {\\n            for { let i := shl(5, mload(ordinals)) } i { i := sub(i, 0x20) } {\\n                // We don't need to mask the values of `ordinals`, as Solidity\\n                // cleans dirty upper bits when storing variables into memory.\\n                roles := or(shl(mload(add(ordinals, i)), 1), roles)\\n            }\\n        }\\n    }\\n\\n    /// @dev Convenience function to return an array of `ordinals` from the `roles` bitmap.\\n    /// This is meant for frontends like Etherscan, and is therefore not fully optimized.\\n    /// Not recommended to be called on-chain.\\n    /// Made internal to conserve bytecode. Wrap it in a public function if needed.\\n    function _ordinalsFromRoles(uint256 roles) internal pure returns (uint8[] memory ordinals) {\\n        /// @solidity memory-safe-assembly\\n        assembly {\\n            // Grab the pointer to the free memory.\\n            ordinals := mload(0x40)\\n            let ptr := add(ordinals, 0x20)\\n            let o := 0\\n            // The absence of lookup tables, De Bruijn, etc., here is intentional for\\n            // smaller bytecode, as this function is not meant to be called on-chain.\\n            for { let t := roles } 1 {} {\\n                mstore(ptr, o)\\n                // `shr` 5 is equivalent to multiplying by 0x20.\\n                // Push back into the ordinals array if the bit is set.\\n                ptr := add(ptr, shl(5, and(t, 1)))\\n                o := add(o, 1)\\n                t := shr(o, roles)\\n                if iszero(t) { break }\\n            }\\n            // Store the length of `ordinals`.\\n            mstore(ordinals, shr(5, sub(ptr, add(ordinals, 0x20))))\\n            // Allocate the memory.\\n            mstore(0x40, ptr)\\n        }\\n    }\\n\\n    /*\u00b4:\u00b0\u2022.\u00b0+.*\u2022\u00b4.*:\u02da.\u00b0*.\u02da\u2022\u00b4.\u00b0:\u00b0\u2022.\u00b0\u2022.*\u2022\u00b4.*:\u02da.\u00b0*.\u02da\u2022\u00b4.\u00b0:\u00b0\u2022.\u00b0+.*\u2022\u00b4.*:*/\\n    /*                  PUBLIC UPDATE FUNCTIONS                   */\\n    /*.\u2022\u00b0:\u00b0.\u00b4+\u02da.*\u00b0.\u02da:*.\u00b4\u2022*.+\u00b0.\u2022\u00b0:\u00b4*.\u00b4\u2022*.\u2022\u00b0.\u2022\u00b0:\u00b0.\u00b4:\u2022\u02da\u00b0.*\u00b0.\u02da:*.\u00b4+\u00b0.\u2022*/\\n\\n    /// @dev Allows the owner to grant `user` `roles`.\\n    /// If the `user` already has a role, then it will be an no-op for the role.\\n    function grantRoles(address user, uint256 roles) public payable virtual onlyOwner {\\n        _grantRoles(user, roles);\\n    }\\n\\n    /// @dev Allows the owner to remove `user` `roles`.\\n    /// If the `user` does not have a role, then it will be an no-op for the role.\\n    function revokeRoles(address user, uint256 roles) public payable virtual onlyOwner {\\n        _removeRoles(user, roles);\\n    }\\n\\n    /// @dev Allow the caller to remove their own roles.\\n    /// If the caller does not have a role, then it will be an no-op for the role.\\n    function renounceRoles(uint256 roles) public payable virtual {\\n        _removeRoles(msg.sender, roles);\\n    }\\n\\n    /*\u00b4:\u00b0\u2022.\u00b0+.*\u2022\u00b4.*:\u02da.\u00b0*.\u02da\u2022\u00b4.\u00b0:\u00b0\u2022.\u00b0\u2022.*\u2022\u00b4.*:\u02da.\u00b0*.\u02da\u2022\u00b4.\u00b0:\u00b0\u2022.\u00b0+.*\u2022\u00b4.*:*/\\n    /*                   PUBLIC READ FUNCTIONS                    */\\n    /*.\u2022\u00b0:\u00b0.\u00b4+\u02da.*\u00b0.\u02da:*.\u00b4\u2022*.+\u00b0.\u2022\u00b0:\u00b4*.\u00b4\u2022*.\u2022\u00b0.\u2022\u00b0:\u00b0.\u00b4:\u2022\u02da\u00b0.*\u00b0.\u02da:*.\u00b4+\u00b0.\u2022*/\\n\\n    /// @dev Returns the roles of `user`.\\n    function rolesOf(address user) public view virtual returns (uint256 roles) {\\n        /// @solidity memory-safe-assembly\\n        assembly {\\n            // Compute the role slot.\\n            mstore(0x0c, _ROLE_SLOT_SEED)\\n            mstore(0x00, user)\\n            // Load the stored value.\\n            roles := sload(keccak256(0x0c, 0x20))\\n        }\\n    }\\n\\n    /// @dev Returns whether `user` has any of `roles`.\\n    function hasAnyRole(address user, uint256 roles) public view virtual returns (bool) {\\n        return rolesOf(user) & roles != 0;\\n    }\\n\\n    /// @dev Returns whether `user` has all of `roles`.\\n    function hasAllRoles(address user, uint256 roles) public view virtual returns (bool) {\\n        return rolesOf(user) & roles == roles;\\n    }\\n\\n    /*\u00b4:\u00b0\u2022.\u00b0+.*\u2022\u00b4.*:\u02da.\u00b0*.\u02da\u2022\u00b4.\u00b0:\u00b0\u2022.\u00b0\u2022.*\u2022\u00b4.*:\u02da.\u00b0*.\u02da\u2022\u00b4.\u00b0:\u00b0\u2022.\u00b0+.*\u2022\u00b4.*:*/\\n    /*                         MODIFIERS                          */\\n    /*.\u2022\u00b0:\u00b0.\u00b4+\u02da.*\u00b0.\u02da:*.\u00b4\u2022*.+\u00b0.\u2022\u00b0:\u00b4*.\u00b4\u2022*.\u2022\u00b0.\u2022\u00b0:\u00b0.\u00b4:\u2022\u02da\u00b0.*\u00b0.\u02da:*.\u00b4+\u00b0.\u2022*/\\n\\n    /// @dev Marks a function as only callable by an account with `roles`.\\n    modifier onlyRoles(uint256 roles) virtual {\\n        _checkRoles(roles);\\n        _;\\n    }\\n\\n    /// @dev Marks a function as only callable by the owner or by an account\\n    /// with `roles`. Checks for ownership first, then lazily checks for roles.\\n    modifier onlyOwnerOrRoles(uint256 roles) virtual {\\n        _checkOwnerOrRoles(roles);\\n        _;\\n    }\\n\\n    /// @dev Marks a function as only callable by an account with `roles`\\n    /// or the owner. Checks for roles first, then lazily checks for ownership.\\n    modifier onlyRolesOrOwner(uint256 roles) virtual {\\n        _checkRolesOrOwner(roles);\\n        _;\\n    }\\n\\n    /*\u00b4:\u00b0\u2022.\u00b0+.*\u2022\u00b4.*:\u02da.\u00b0*.\u02da\u2022\u00b4.\u00b0:\u00b0\u2022.\u00b0\u2022.*\u2022\u00b4.*:\u02da.\u00b0*.\u02da\u2022\u00b4.\u00b0:\u00b0\u2022.\u00b0+.*\u2022\u00b4.*:*/\\n    /*                       ROLE CONSTANTS                       */\\n    /*.\u2022\u00b0:\u00b0.\u00b4+\u02da.*\u00b0.\u02da:*.\u00b4\u2022*.+\u00b0.\u2022\u00b0:\u00b4*.\u00b4\u2022*.\u2022\u00b0.\u2022\u00b0:\u00b0.\u00b4:\u2022\u02da\u00b0.*\u00b0.\u02da:*.\u00b4+\u00b0.\u2022*/\\n\\n    // IYKYK\\n\\n    uint256 internal constant _ROLE_0 = 1 << 0;\\n    uint256 internal constant _ROLE_1 = 1 << 1;\\n    uint256 internal constant _ROLE_2 = 1 << 2;\\n    uint256 internal constant _ROLE_3 = 1 << 3;\\n    uint256 internal constant _ROLE_4 = 1 << 4;\\n    uint256 internal constant _ROLE_5 = 1 << 5;\\n    uint256 internal constant _ROLE_6 = 1 << 6;\\n    uint256 internal constant _ROLE_7 = 1 << 7;\\n    uint256 internal constant _ROLE_8 = 1 << 8;\\n    uint256 internal constant _ROLE_9 = 1 << 9;\\n    uint256 internal constant _ROLE_10 = 1 << 10;\\n    uint256 internal constant _ROLE_11 = 1 << 11;\\n    uint256 internal constant _ROLE_12 = 1 << 12;\\n    uint256 internal constant _ROLE_13 = 1 << 13;\\n    uint256 internal constant _ROLE_14 = 1 << 14;\\n    uint256 internal constant _ROLE_15 = 1 << 15;\\n    uint256 internal constant _ROLE_16 = 1 << 16;\\n    uint256 internal constant _ROLE_17 = 1 << 17;\\n    uint256 internal constant _ROLE_18 = 1 << 18;\\n    uint256 internal constant _ROLE_19 = 1 << 19;\\n    uint256 internal constant _ROLE_20 = 1 << 20;\\n    uint256 internal constant _ROLE_21 = 1 << 21;\\n    uint256 internal constant _ROLE_22 = 1 << 22;\\n    uint256 internal constant _ROLE_23 = 1 << 23;\\n    uint256 internal constant _ROLE_24 = 1 << 24;\\n    uint256 internal constant _ROLE_25 = 1 << 25;\\n    uint256 internal constant _ROLE_26 = 1 << 26;\\n    uint256 internal constant _ROLE_27 = 1 << 27;\\n    uint256 internal constant _ROLE_28 = 1 << 28;\\n    uint256 internal constant _ROLE_29 = 1 << 29;\\n    uint256 internal constant _ROLE_30 = 1 << 30;\\n    uint256 internal constant _ROLE_31 = 1 << 31;\\n    uint256 internal constant _ROLE_32 = 1 << 32;\\n    uint256 internal constant _ROLE_33 = 1 << 33;\\n    uint256 internal constant _ROLE_34 = 1 << 34;\\n    uint256 internal constant _ROLE_35 = 1 << 35;\\n    uint256 internal constant _ROLE_36 = 1 << 36;\\n    uint256 internal constant _ROLE_37 = 1 << 37;\\n    uint256 internal constant _ROLE_38 = 1 << 38;\\n    uint256 internal constant _ROLE_39 = 1 << 39;\\n    uint256 internal constant _ROLE_40 = 1 << 40;\\n    uint256 internal constant _ROLE_41 = 1 << 41;\\n    uint256 internal constant _ROLE_42 = 1 << 42;\\n    uint256 internal constant _ROLE_43 = 1 << 43;\\n    uint256 internal constant _ROLE_44 = 1 << 44;\\n    uint256 internal constant _ROLE_45 = 1 << 45;\\n    uint256 internal constant _ROLE_46 = 1 << 46;\\n    uint256 internal constant _ROLE_47 = 1 << 47;\\n    uint256 internal constant _ROLE_48 = 1 << 48;\\n    uint256 internal constant _ROLE_49 = 1 << 49;\\n    uint256 internal constant _ROLE_50 = 1 << 50;\\n    uint256 internal constant _ROLE_51 = 1 << 51;\\n    uint256 internal constant _ROLE_52 = 1 << 52;\\n    uint256 internal constant _ROLE_53 = 1 << 53;\\n    uint256 internal constant _ROLE_54 = 1 << 54;\\n    uint256 internal constant _ROLE_55 = 1 << 55;\\n    uint256 internal constant _ROLE_56 = 1 << 56;\\n    uint256 internal constant _ROLE_57 = 1 << 57;\\n    uint256 internal constant _ROLE_58 = 1 << 58;\\n    uint256 internal constant _ROLE_59 = 1 << 59;\\n    uint256 internal constant _ROLE_60 = 1 << 60;\\n    uint256 internal constant _ROLE_61 = 1 << 61;\\n    uint256 internal constant _ROLE_62 = 1 << 62;\\n    uint256 internal constant _ROLE_63 = 1 << 63;\\n    uint256 internal constant _ROLE_64 = 1 << 64;\\n    uint256 internal constant _ROLE_65 = 1 << 65;\\n    uint256 internal constant _ROLE_66 = 1 << 66;\\n    uint256 internal constant _ROLE_67 = 1 << 67;\\n    uint256 internal constant _ROLE_68 = 1 << 68;\\n    uint256 internal constant _ROLE_69 = 1 << 69;\\n    uint256 internal constant _ROLE_70 = 1 << 70;\\n    uint256 internal constant _ROLE_71 = 1 << 71;\\n    uint256 internal constant _ROLE_72 = 1 << 72;\\n    uint256 internal constant _ROLE_73 = 1 << 73;\\n    uint256 internal constant _ROLE_74 = 1 << 74;\\n    uint256 internal constant _ROLE_75 = 1 << 75;\\n    uint256 internal constant _ROLE_76 = 1 << 76;\\n    uint256 internal constant _ROLE_77 = 1 << 77;\\n    uint256 internal constant _ROLE_78 = 1 << 78;\\n    uint256 internal constant _ROLE_79 = 1 << 79;\\n    uint256 internal constant _ROLE_80 = 1 << 80;\\n    uint256 internal constant _ROLE_81 = 1 << 81;\\n    uint256 internal constant _ROLE_82 = 1 << 82;\\n    uint256 internal constant _ROLE_83 = 1 << 83;\\n    uint256 internal constant _ROLE_84 = 1 << 84;\\n    uint256 internal constant _ROLE_85 = 1 << 85;\\n    uint256 internal constant _ROLE_86 = 1 << 86;\\n    uint256 internal constant _ROLE_87 = 1 << 87;\\n    uint256 internal constant _ROLE_88 = 1 << 88;\\n    uint256 internal constant _ROLE_89 = 1 << 89;\\n    uint256 internal constant _ROLE_90 = 1 << 90;\\n    uint256 internal constant _ROLE_91 = 1 << 91;\\n    uint256 internal constant _ROLE_92 = 1 << 92;\\n    uint256 internal constant _ROLE_93 = 1 << 93;\\n    uint256 internal constant _ROLE_94 = 1 << 94;\\n    uint256 internal constant _ROLE_95 = 1 << 95;\\n    uint256 internal constant _ROLE_96 = 1 << 96;\\n    uint256 internal constant _ROLE_97 = 1 << 97;\\n    uint256 internal constant _ROLE_98 = 1 << 98;\\n    uint256 internal constant _ROLE_99 = 1 << 99;\\n    uint256 internal constant _ROLE_100 = 1 << 100;\\n    uint256 internal constant _ROLE_101 = 1 << 101;\\n    uint256 internal constant _ROLE_102 = 1 << 102;\\n    uint256 internal constant _ROLE_103 = 1 << 103;\\n    uint256 internal constant _ROLE_104 = 1 << 104;\\n    uint256 internal constant _ROLE_105 = 1 << 105;\\n    uint256 internal constant _ROLE_106 = 1 << 106;\\n    uint256 internal constant _ROLE_107 = 1 << 107;\\n    uint256 internal constant _ROLE_108 = 1 << 108;\\n    uint256 internal constant _ROLE_109 = 1 << 109;\\n    uint256 internal constant _ROLE_110 = 1 << 110;\\n    uint256 internal constant _ROLE_111 = 1 << 111;\\n    uint256 internal constant _ROLE_112 = 1 << 112;\\n    uint256 internal constant _ROLE_113 = 1 << 113;\\n    uint256 internal constant _ROLE_114 = 1 << 114;\\n    uint256 internal constant _ROLE_115 = 1 << 115;\\n    uint256 internal constant _ROLE_116 = 1 << 116;\\n    uint256 internal constant _ROLE_117 = 1 << 117;\\n    uint256 internal constant _ROLE_118 = 1 << 118;\\n    uint256 internal constant _ROLE_119 = 1 << 119;\\n    uint256 internal constant _ROLE_120 = 1 << 120;\\n    uint256 internal constant _ROLE_121 = 1 << 121;\\n    uint256 internal constant _ROLE_122 = 1 << 122;\\n    uint256 internal constant _ROLE_123 = 1 << 123;\\n    uint256 internal constant _ROLE_124 = 1 << 124;\\n    uint256 internal constant _ROLE_125 = 1 << 125;\\n    uint256 internal constant _ROLE_126 = 1 << 126;\\n    uint256 internal constant _ROLE_127 = 1 << 127;\\n    uint256 internal constant _ROLE_128 = 1 << 128;\\n    uint256 internal constant _ROLE_129 = 1 << 129;\\n    uint256 internal constant _ROLE_130 = 1 << 130;\\n    uint256 internal constant _ROLE_131 = 1 << 131;\\n    uint256 internal constant _ROLE_132 = 1 << 132;\\n    uint256 internal constant _ROLE_133 = 1 << 133;\\n    uint256 internal constant _ROLE_134 = 1 << 134;\\n    uint256 internal constant _ROLE_135 = 1 << 135;\\n    uint256 internal constant _ROLE_136 = 1 << 136;\\n    uint256 internal constant _ROLE_137 = 1 << 137;\\n    uint256 internal constant _ROLE_138 = 1 << 138;\\n    uint256 internal constant _ROLE_139 = 1 << 139;\\n    uint256 internal constant _ROLE_140 = 1 << 140;\\n    uint256 internal constant _ROLE_141 = 1 << 141;\\n    uint256 internal constant _ROLE_142 = 1 << 142;\\n    uint256 internal constant _ROLE_143 = 1 << 143;\\n    uint256 internal constant _ROLE_144 = 1 << 144;\\n    uint256 internal constant _ROLE_145 = 1 << 145;\\n    uint256 internal constant _ROLE_146 = 1 << 146;\\n    uint256 internal constant _ROLE_147 = 1 << 147;\\n    uint256 internal constant _ROLE_148 = 1 << 148;\\n    uint256 internal constant _ROLE_149 = 1 << 149;\\n    uint256 internal constant _ROLE_150 = 1 << 150;\\n    uint256 internal constant _ROLE_151 = 1 << 151;\\n    uint256 internal constant _ROLE_152 = 1 << 152;\\n    uint256 internal constant _ROLE_153 = 1 << 153;\\n    uint256 internal constant _ROLE_154 = 1 << 154;\\n    uint256 internal constant _ROLE_155 = 1 << 155;\\n    uint256 internal constant _ROLE_156 = 1 << 156;\\n    uint256 internal constant _ROLE_157 = 1 << 157;\\n    uint256 internal constant _ROLE_158 = 1 << 158;\\n    uint256 internal constant _ROLE_159 = 1 << 159;\\n    uint256 internal constant _ROLE_160 = 1 << 160;\\n    uint256 internal constant _ROLE_161 = 1 << 161;\\n    uint256 internal constant _ROLE_162 = 1 << 162;\\n    uint256 internal constant _ROLE_163 = 1 << 163;\\n    uint256 internal constant _ROLE_164 = 1 << 164;\\n    uint256 internal constant _ROLE_165 = 1 << 165;\\n    uint256 internal constant _ROLE_166 = 1 << 166;\\n    uint256 internal constant _ROLE_167 = 1 << 167;\\n    uint256 internal constant _ROLE_168 = 1 << 168;\\n    uint256 internal constant _ROLE_169 = 1 << 169;\\n    uint256 internal constant _ROLE_170 = 1 << 170;\\n    uint256 internal constant _ROLE_171 = 1 << 171;\\n    uint256 internal constant _ROLE_172 = 1 << 172;\\n    uint256 internal constant _ROLE_173 = 1 << 173;\\n    uint256 internal constant _ROLE_174 = 1 << 174;\\n    uint256 internal constant _ROLE_175 = 1 << 175;\\n    uint256 internal constant _ROLE_176 = 1 << 176;\\n    uint256 internal constant _ROLE_177 = 1 << 177;\\n    uint256 internal constant _ROLE_178 = 1 << 178;\\n    uint256 internal constant _ROLE_179 = 1 << 179;\\n    uint256 internal constant _ROLE_180 = 1 << 180;\\n    uint256 internal constant _ROLE_181 = 1 << 181;\\n    uint256 internal constant _ROLE_182 = 1 << 182;\\n    uint256 internal constant _ROLE_183 = 1 << 183;\\n    uint256 internal constant _ROLE_184 = 1 << 184;\\n    uint256 internal constant _ROLE_185 = 1 << 185;\\n    uint256 internal constant _ROLE_186 = 1 << 186;\\n    uint256 internal constant _ROLE_187 = 1 << 187;\\n    uint256 internal constant _ROLE_188 = 1 << 188;\\n    uint256 internal constant _ROLE_189 = 1 << 189;\\n    uint256 internal constant _ROLE_190 = 1 << 190;\\n    uint256 internal constant _ROLE_191 = 1 << 191;\\n    uint256 internal constant _ROLE_192 = 1 << 192;\\n    uint256 internal constant _ROLE_193 = 1 << 193;\\n    uint256 internal constant _ROLE_194 = 1 << 194;\\n    uint256 internal constant _ROLE_195 = 1 << 195;\\n    uint256 internal constant _ROLE_196 = 1 << 196;\\n    uint256 internal constant _ROLE_197 = 1 << 197;\\n    uint256 internal constant _ROLE_198 = 1 << 198;\\n    uint256 internal constant _ROLE_199 = 1 << 199;\\n    uint256 internal constant _ROLE_200 = 1 << 200;\\n    uint256 internal constant _ROLE_201 = 1 << 201;\\n    uint256 internal constant _ROLE_202 = 1 << 202;\\n    uint256 internal constant _ROLE_203 = 1 << 203;\\n    uint256 internal constant _ROLE_204 = 1 << 204;\\n    uint256 internal constant _ROLE_205 = 1 << 205;\\n    uint256 internal constant _ROLE_206 = 1 << 206;\\n    uint256 internal constant _ROLE_207 = 1 << 207;\\n    uint256 internal constant _ROLE_208 = 1 << 208;\\n    uint256 internal constant _ROLE_209 = 1 << 209;\\n    uint256 internal constant _ROLE_210 = 1 << 210;\\n    uint256 internal constant _ROLE_211 = 1 << 211;\\n    uint256 internal constant _ROLE_212 = 1 << 212;\\n    uint256 internal constant _ROLE_213 = 1 << 213;\\n    uint256 internal constant _ROLE_214 = 1 << 214;\\n    uint256 internal constant _ROLE_215 = 1 << 215;\\n    uint256 internal constant _ROLE_216 = 1 << 216;\\n    uint256 internal constant _ROLE_217 = 1 << 217;\\n    uint256 internal constant _ROLE_218 = 1 << 218;\\n    uint256 internal constant _ROLE_219 = 1 << 219;\\n    uint256 internal constant _ROLE_220 = 1 << 220;\\n    uint256 internal constant _ROLE_221 = 1 << 221;\\n    uint256 internal constant _ROLE_222 = 1 << 222;\\n    uint256 internal constant _ROLE_223 = 1 << 223;\\n    uint256 internal constant _ROLE_224 = 1 << 224;\\n    uint256 internal constant _ROLE_225 = 1 << 225;\\n    uint256 internal constant _ROLE_226 = 1 << 226;\\n    uint256 internal constant _ROLE_227 = 1 << 227;\\n    uint256 internal constant _ROLE_228 = 1 << 228;\\n    uint256 internal constant _ROLE_229 = 1 << 229;\\n    uint256 internal constant _ROLE_230 = 1 << 230;\\n    uint256 internal constant _ROLE_231 = 1 << 231;\\n    uint256 internal constant _ROLE_232 = 1 << 232;\\n    uint256 internal constant _ROLE_233 = 1 << 233;\\n    uint256 internal constant _ROLE_234 = 1 << 234;\\n    uint256 internal constant _ROLE_235 = 1 << 235;\\n    uint256 internal constant _ROLE_236 = 1 << 236;\\n    uint256 internal constant _ROLE_237 = 1 << 237;\\n    uint256 internal constant _ROLE_238 = 1 << 238;\\n    uint256 internal constant _ROLE_239 = 1 << 239;\\n    uint256 internal constant _ROLE_240 = 1 << 240;\\n    uint256 internal constant _ROLE_241 = 1 << 241;\\n    uint256 internal constant _ROLE_242 = 1 << 242;\\n    uint256 internal constant _ROLE_243 = 1 << 243;\\n    uint256 internal constant _ROLE_244 = 1 << 244;\\n    uint256 internal constant _ROLE_245 = 1 << 245;\\n    uint256 internal constant _ROLE_246 = 1 << 246;\\n    uint256 internal constant _ROLE_247 = 1 << 247;\\n    uint256 internal constant _ROLE_248 = 1 << 248;\\n    uint256 internal constant _ROLE_249 = 1 << 249;\\n    uint256 internal constant _ROLE_250 = 1 << 250;\\n    uint256 internal constant _ROLE_251 = 1 << 251;\\n    uint256 internal constant _ROLE_252 = 1 << 252;\\n    uint256 internal constant _ROLE_253 = 1 << 253;\\n    uint256 internal constant _ROLE_254 = 1 << 254;\\n    uint256 internal constant _ROLE_255 = 1 << 255;\\n}\\n\"\r\n    },\r\n    \"src/ERC1967Factory.sol\": {\r\n      \"content\": \"// SPDX-License-Identifier: MIT\\npragma solidity ^0.8.4;\\n\\n/// @notice Factory for deploying and managing ERC1967 proxy contracts.\\n/// @author Yuga Labs\\n/// @author Modified from Solady (https://github.com/vectorized/solady/blob/main/src/utils/ERC1967Factory.sol)\\ncontract ERC1967Factory {\\n    /*\u00b4:\u00b0\u2022.\u00b0+.*\u2022\u00b4.*:\u02da.\u00b0*.\u02da\u2022\u00b4.\u00b0:\u00b0\u2022.\u00b0\u2022.*\u2022\u00b4.*:\u02da.\u00b0*.\u02da\u2022\u00b4.\u00b0:\u00b0\u2022.\u00b0+.*\u2022\u00b4.*:*/\\n    /*                       CUSTOM ERRORS                        */\\n    /*.\u2022\u00b0:\u00b0.\u00b4+\u02da.*\u00b0.\u02da:*.\u00b4\u2022*.+\u00b0.\u2022\u00b0:\u00b4*.\u00b4\u2022*.\u2022\u00b0.\u2022\u00b0:\u00b0.\u00b4:\u2022\u02da\u00b0.*\u00b0.\u02da:*.\u00b4+\u00b0.\u2022*/\\n\\n    /// @dev The proxy deployment failed.\\n    error DeploymentFailed();\\n\\n    /// @dev The upgrade failed.\\n    error UpgradeFailed();\\n\\n    /// @dev `bytes4(keccak256(bytes(\\\"DeploymentFailed()\\\")))`.\\n    uint256 internal constant _DEPLOYMENT_FAILED_ERROR_SELECTOR = 0x30116425;\\n\\n    /// @dev `bytes4(keccak256(bytes(\\\"UpgradeFailed()\\\")))`.\\n    uint256 internal constant _UPGRADE_FAILED_ERROR_SELECTOR = 0x55299b49;\\n\\n    /*\u00b4:\u00b0\u2022.\u00b0+.*\u2022\u00b4.*:\u02da.\u00b0*.\u02da\u2022\u00b4.\u00b0:\u00b0\u2022.\u00b0\u2022.*\u2022\u00b4.*:\u02da.\u00b0*.\u02da\u2022\u00b4.\u00b0:\u00b0\u2022.\u00b0+.*\u2022\u00b4.*:*/\\n    /*                           EVENTS                           */\\n    /*.\u2022\u00b0:\u00b0.\u00b4+\u02da.*\u00b0.\u02da:*.\u00b4\u2022*.+\u00b0.\u2022\u00b0:\u00b4*.\u00b4\u2022*.\u2022\u00b0.\u2022\u00b0:\u00b0.\u00b4:\u2022\u02da\u00b0.*\u00b0.\u02da:*.\u00b4+\u00b0.\u2022*/\\n\\n    /// @dev The implementation for a proxy has been upgraded.\\n    event Upgraded(address indexed proxy, address indexed implementation);\\n\\n    /// @dev A proxy has been deployed.\\n    event Deployed(address indexed proxy, address indexed implementation);\\n\\n    /// @dev `keccak256(bytes(\\\"Upgraded(address,address)\\\"))`.\\n    uint256 internal constant _UPGRADED_EVENT_SIGNATURE =\\n        0x5d611f318680d00598bb735d61bacf0c514c6b50e1e5ad30040a4df2b12791c7;\\n\\n    /// @dev `keccak256(bytes(\\\"Deployed(address,address)\\\"))`.\\n    uint256 internal constant _DEPLOYED_EVENT_SIGNATURE =\\n        0x09e48df7857bd0c1e0d31bb8a85d42cf1874817895f171c917f6ee2cea73ec20;\\n\\n    /*\u00b4:\u00b0\u2022.\u00b0+.*\u2022\u00b4.*:\u02da.\u00b0*.\u02da\u2022\u00b4.\u00b0:\u00b0\u2022.\u00b0\u2022.*\u2022\u00b4.*:\u02da.\u00b0*.\u02da\u2022\u00b4.\u00b0:\u00b0\u2022.\u00b0+.*\u2022\u00b4.*:*/\\n    /*                          STORAGE                           */\\n    /*.\u2022\u00b0:\u00b0.\u00b4+\u02da.*\u00b0.\u02da:*.\u00b4\u2022*.+\u00b0.\u2022\u00b0:\u00b4*.\u00b4\u2022*.\u2022\u00b0.\u2022\u00b0:\u00b0.\u00b4:\u2022\u02da\u00b0.*\u00b0.\u02da:*.\u00b4+\u00b0.\u2022*/\\n\\n    /// @dev The ERC-1967 storage slot for the implementation in the proxy.\\n    /// `uint256(keccak256(\\\"eip1967.proxy.implementation\\\")) - 1`.\\n    uint256 internal constant _IMPLEMENTATION_SLOT = 0x360894a13ba1a3210667c828492db98dca3e2076cc3735a920a3ca505d382bbc;\\n\\n    /*\u00b4:\u00b0\u2022.\u00b0+.*\u2022\u00b4.*:\u02da.\u00b0*.\u02da\u2022\u00b4.\u00b0:\u00b0\u2022.\u00b0\u2022.*\u2022\u00b4.*:\u02da.\u00b0*.\u02da\u2022\u00b4.\u00b0:\u00b0\u2022.\u00b0+.*\u2022\u00b4.*:*/\\n    /*                     UPGRADE FUNCTIONS                      */\\n    /*.\u2022\u00b0:\u00b0.\u00b4+\u02da.*\u00b0.\u02da:*.\u00b4\u2022*.+\u00b0.\u2022\u00b0:\u00b4*.\u00b4\u2022*.\u2022\u00b0.\u2022\u00b0:\u00b0.\u00b4:\u2022\u02da\u00b0.*\u00b0.\u02da:*.\u00b4+\u00b0.\u2022*/\\n\\n    /// @dev Upgrades the proxy to point to `implementation`.\\n    /// Then, calls the proxy with abi encoded `data`.\\n    function _upgrade(address proxy, address implementation, bytes calldata data) internal {\\n        assembly {\\n            // Set up the calldata to upgrade the proxy.\\n            let m := mload(0x40)\\n            mstore(m, implementation)\\n            mstore(add(m, 0x20), _IMPLEMENTATION_SLOT)\\n            calldatacopy(add(m, 0x40), data.offset, data.length)\\n            // Try upgrading the proxy and revert upon failure.\\n            if iszero(call(gas(), proxy, callvalue(), m, add(0x40, data.length), 0x00, 0x00)) {\\n                // Revert with the `UpgradeFailed` selector if there is no error returndata.\\n                if iszero(returndatasize()) {\\n                    mstore(0x00, _UPGRADE_FAILED_ERROR_SELECTOR)\\n                    revert(0x1c, 0x04)\\n                }\\n                // Otherwise, bubble up the returned error.\\n                returndatacopy(0x00, 0x00, returndatasize())\\n                revert(0x00, returndatasize())\\n            }\\n            // Emit the {Upgraded} event.\\n            log3(0, 0, _UPGRADED_EVENT_SIGNATURE, proxy, implementation)\\n        }\\n    }\\n\\n    /*\u00b4:\u00b0\u2022.\u00b0+.*\u2022\u00b4.*:\u02da.\u00b0*.\u02da\u2022\u00b4.\u00b0:\u00b0\u2022.\u00b0\u2022.*\u2022\u00b4.*:\u02da.\u00b0*.\u02da\u2022\u00b4.\u00b0:\u00b0\u2022.\u00b0+.*\u2022\u00b4.*:*/\\n    /*                      DEPLOY FUNCTIONS                      */\\n    /*.\u2022\u00b0:\u00b0.\u00b4+\u02da.*\u00b0.\u02da:*.\u00b4\u2022*.+\u00b0.\u2022\u00b0:\u00b4*.\u00b4\u2022*.\u2022\u00b0.\u2022\u00b0:\u00b0.\u00b4:\u2022\u02da\u00b0.*\u00b0.\u02da:*.\u00b4+\u00b0.\u2022*/\\n\\n    /// @dev Deploys the proxy deterministically with a `salt`.\\n    function _deploy(address implementation, bytes32 salt, bytes memory data) internal returns (address proxy) {\\n        bytes32 m = _initCode();\\n        assembly {\\n            // Create the proxy.\\n            proxy := create2(0, add(m, 0x13), 0x88, salt)\\n            // Revert if the creation fails.\\n            if iszero(proxy) {\\n                mstore(0x00, _DEPLOYMENT_FAILED_ERROR_SELECTOR)\\n                revert(0x1c, 0x04)\\n            }\\n\\n            // Set up the calldata to set the implementation of the proxy.\\n            mstore(m, implementation)\\n            mstore(add(m, 0x20), _IMPLEMENTATION_SLOT)\\n            let dataLength := mload(data) // Load the length of the data\\n\\n            let dataPtr := add(data, 0x20) // Skip the length field of the `data`.\\n            let mPtr := add(m, 0x40) // Start copying to this position in memory.\\n            for { let end := add(dataPtr, dataLength) } lt(dataPtr, end) { dataPtr := add(dataPtr, 0x20) } {\\n                mstore(mPtr, mload(dataPtr))\\n                mPtr := add(mPtr, 0x20)\\n            }\\n\\n            // Try setting the implementation on the proxy and revert upon failure.\\n            if iszero(call(gas(), proxy, callvalue(), m, add(0x40, dataLength), 0x00, 0x00)) {\\n                // Revert with the `DeploymentFailed` selector if there is no error returndata.\\n                if iszero(returndatasize()) {\\n                    mstore(0x00, _DEPLOYMENT_FAILED_ERROR_SELECTOR)\\n                    revert(0x1c, 0x04)\\n                }\\n                // Otherwise, bubble up the returned error.\\n                returndatacopy(0x00, 0x00, returndatasize())\\n                revert(0x00, returndatasize())\\n            }\\n\\n            // Emit the {Deployed} event.\\n            log3(0, 0, _DEPLOYED_EVENT_SIGNATURE, proxy, implementation)\\n        }\\n    }\\n\\n    /// @dev Returns the address of the proxy deployed with `salt`.\\n    function _predictDeterministicAddress(bytes32 salt) internal view returns (address predicted) {\\n        bytes32 hash = _initCodeHash();\\n        assembly {\\n            // Compute and store the bytecode hash.\\n            mstore8(0x00, 0xff) // Write the prefix.\\n            mstore(0x35, hash)\\n            mstore(0x01, shl(96, address()))\\n            mstore(0x15, salt)\\n            // Note: `predicted` has dirty upper 96 bits. We won't clean it here\\n            // as it will be automatically cleaned when it is copied into the returndata.\\n            // Please clean as needed if used in other inline assembly blocks.\\n            predicted := keccak256(0x00, 0x55)\\n            // Restore the part of the free memory pointer that has been overwritten.\\n            mstore(0x35, 0)\\n        }\\n    }\\n\\n    /// @dev Returns the initialization code hash of the proxy.\\n    /// Used for mining vanity addresses with create2crunch.\\n    function _initCodeHash() internal view returns (bytes32 result) {\\n        bytes32 m = _initCode();\\n        assembly {\\n            result := keccak256(add(m, 0x13), 0x88)\\n        }\\n    }\\n\\n    /// @dev Returns a pointer to the initialization code of a proxy created via this factory.\\n    function _initCode() internal view returns (bytes32 m) {\\n        assembly {\\n            /**\\n             * -------------------------------------------------------------------------------------+\\n             * CREATION (9 bytes)                                                                   |\\n             * -------------------------------------------------------------------------------------|\\n             * Opcode     | Mnemonic        | Stack               | Memory                          |\\n             * -------------------------------------------------------------------------------------|\\n             * 60 runSize | PUSH1 runSize   | r                   |                                 |\\n             * 3d         | RETURNDATASIZE  | 0 r                 |                                 |\\n             * 81         | DUP2            | r 0 r               |                                 |\\n             * 60 offset  | PUSH1 offset    | o r 0 r             |                                 |\\n             * 3d         | RETURNDATASIZE  | 0 o r 0 r           |                                 |\\n             * 39         | CODECOPY        | 0 r                 | [0..runSize): runtime code      |\\n             * f3         | RETURN          |                     | [0..runSize): runtime code      |\\n             * -------------------------------------------------------------------------------------|\\n             * RUNTIME (127 bytes)                                                                  |\\n             * -------------------------------------------------------------------------------------|\\n             * Opcode      | Mnemonic       | Stack               | Memory                          |\\n             * -------------------------------------------------------------------------------------|\\n             *                                                                                      |\\n             * ::: keep some values in stack :::::::::::::::::::::::::::::::::::::::::::::::::::::: |\\n             * 3d          | RETURNDATASIZE | 0                   |                                 |\\n             * 3d          | RETURNDATASIZE | 0 0                 |                                 |\\n             *                                                                                      |\\n             * ::: check if caller is factory ::::::::::::::::::::::::::::::::::::::::::::::::::::: |\\n             * 33          | CALLER         | c 0 0               |                                 |\\n             * 73 factory  | PUSH20 factory | f c 0 0             |                                 |\\n             * 14          | EQ             | isf 0 0             |                                 |\\n             * 60 0x57     | PUSH1 0x57     | dest isf 0 0        |                                 |\\n             * 57          | JUMPI          | 0 0                 |                                 |\\n             *                                                                                      |\\n             * ::: copy calldata to memory :::::::::::::::::::::::::::::::::::::::::::::::::::::::: |\\n             * 36          | CALLDATASIZE   | cds 0 0             |                                 |\\n             * 3d          | RETURNDATASIZE | 0 cds 0 0           |                                 |\\n             * 3d          | RETURNDATASIZE | 0 0 cds 0 0         |                                 |\\n             * 37          | CALLDATACOPY   | 0 0                 | [0..calldatasize): calldata     |\\n             *                                                                                      |\\n             * ::: delegatecall to implementation ::::::::::::::::::::::::::::::::::::::::::::::::: |\\n             * 36          | CALLDATASIZE   | cds 0 0             | [0..calldatasize): calldata     |\\n             * 3d          | RETURNDATASIZE | 0 cds 0 0           | [0..calldatasize): calldata     |\\n             * 7f slot     | PUSH32 slot    | s 0 cds 0 0         | [0..calldatasize): calldata     |\\n             * 54          | SLOAD          | i 0 cds 0 0         | [0..calldatasize): calldata     |\\n             * 5a          | GAS            | g i 0 cds 0 0       | [0..calldatasize): calldata     |\\n             * f4          | DELEGATECALL   | succ                | [0..calldatasize): calldata     |\\n             *                                                                                      |\\n             * ::: copy returndata to memory :::::::::::::::::::::::::::::::::::::::::::::::::::::: |\\n             * 3d          | RETURNDATASIZE | rds succ            | [0..calldatasize): calldata     |\\n             * 60 0x00     | PUSH1 0x00     | 0 rds succ          | [0..calldatasize): calldata     |\\n             * 80          | DUP1           | 0 0 rds succ        | [0..calldatasize): calldata     |\\n             * 3e          | RETURNDATACOPY | succ                | [0..returndatasize): returndata |\\n             *                                                                                      |\\n             * ::: branch on delegatecall status :::::::::::::::::::::::::::::::::::::::::::::::::: |\\n             * 60 0x52     | PUSH1 0x52     | dest succ           | [0..returndatasize): returndata |\\n             * 57          | JUMPI          |                     | [0..returndatasize): returndata |\\n             *                                                                                      |\\n             * ::: delegatecall failed, revert :::::::::::::::::::::::::::::::::::::::::::::::::::: |\\n             * 3d          | RETURNDATASIZE | rds                 | [0..returndatasize): returndata |\\n             * 60 0x00     | PUSH1 0x00     | 0 rds               | [0..returndatasize): returndata |\\n             * fd          | REVERT         |                     | [0..returndatasize): returndata |\\n             *                                                                                      |\\n             * ::: delegatecall succeeded, return ::::::::::::::::::::::::::::::::::::::::::::::::: |\\n             * 5b          | JUMPDEST       |                     | [0..returndatasize): returndata |\\n             * 3d          | RETURNDATASIZE | rds                 | [0..returndatasize): returndata |\\n             * 60 0x00     | PUSH1 0x00     | 0 rds               | [0..returndatasize): returndata |\\n             * f3          | RETURN         |                     | [0..returndatasize): returndata |\\n             *                                                                                      |\\n             * ::: set new implementation (caller is factory) ::::::::::::::::::::::::::::::::::::: |\\n             * 5b          | JUMPDEST       | 0 0                 |                                 |\\n             * 3d          | RETURNDATASIZE | 0 0 0               |                                 |\\n             * 35          | CALLDATALOAD   | impl 0 0            |                                 |\\n             * 06 0x20     | PUSH1 0x20     | w impl 0 0          |                                 |\\n             * 35          | CALLDATALOAD   | slot impl 0 0       |                                 |\\n             * 55          | SSTORE         | 0 0                 |                                 |\\n             *                                                                                      |\\n             * ::: no extra calldata, return :::::::::::::::::::::::::::::::::::::::::::::::::::::: |\\n             * 60 0x40     | PUSH1 0x40     | 2w 0 0              |                                 |\\n             * 80          | DUP1           | 2w 2w 0 0           |                                 |\\n             * 36          | CALLDATASIZE   | cds 2w 2w 0 0       |                                 |\\n             * 11          | GT             | gt 2w 0 0           |                                 |\\n             * 15          | ISZERO         | lte 2w 0 0          |                                 |\\n             * 60 0x52     | PUSH1 0x52     | dest lte 2w 0 0     |                                 |\\n             * 57          | JUMPI          | 2w 0 0              |                                 |\\n             *                                                                                      |\\n             * ::: copy extra calldata to memory :::::::::::::::::::::::::::::::::::::::::::::::::: |\\n             * 36          | CALLDATASIZE   | cds 2w 0 0          |                                 |\\n             * 03          | SUB            | t 0 0               |                                 |\\n             * 80          | DUP1           | t t 0 0             |                                 |\\n             * 60 0x40     | PUSH1 0x40     | 2w t t 0 0          |                                 |\\n             * 3d          | RETURNDATASIZE | 0 2w t t 0 0        |                                 |\\n             * 37          | CALLDATACOPY   | t 0 0               | [0..t): extra calldata          |\\n             *                                                                                      |\\n             * ::: delegatecall to implementation ::::::::::::::::::::::::::::::::::::::::::::::::: |\\n             * 3d          | RETURNDATASIZE | 0 t 0 0             | [0..t): extra calldata          |\\n             * 3d          | RETURNDATASIZE | 0 0 t 0 0           | [0..t): extra calldata          |\\n             * 35          | CALLDATALOAD   | i 0 t 0 0           | [0..t): extra calldata          |\\n             * 5a          | GAS            | g i 0 t 0 0         | [0..t): extra calldata          |\\n             * f4          | DELEGATECALL   | succ                | [0..t): extra calldata          |\\n             *                                                                                      |\\n             * ::: copy returndata to memory :::::::::::::::::::::::::::::::::::::::::::::::::::::: |\\n             * 3d          | RETURNDATASIZE | rds succ            | [0..t): extra calldata          |\\n             * 60 0x00     | PUSH1 0x00     | 0 rds succ          | [0..t): extra calldata          |\\n             * 80          | DUP1           | 0 0 rds succ        | [0..t): extra calldata          |\\n             * 3e          | RETURNDATACOPY | succ                | [0..returndatasize): returndata |\\n             *                                                                                      |\\n             * ::: branch on delegatecall status :::::::::::::::::::::::::::::::::::::::::::::::::: |\\n             * 60 0x52     | PUSH1 0x52     | dest succ           | [0..returndatasize): returndata |\\n             * 57          | JUMPI          |                     | [0..returndatasize): returndata |\\n             *                                                                                      |\\n             * ::: delegatecall failed, revert :::::::::::::::::::::::::::::::::::::::::::::::::::: |\\n             * 3d          | RETURNDATASIZE | rds                 | [0..returndatasize): returndata |\\n             * 60 0x00     | PUSH1 0x00     | 0 rds               | [0..returndatasize): returndata |\\n             * fd          | REVERT         |                     | [0..returndatasize): returndata |\\n             * -------------------------------------------------------------------------------------+\\n             */\\n\\n            m := mload(0x40)\\n            // forgefmt: disable-start\\n            switch shr(112, address())\\n            case 0 {\\n                // If the factory's address has six or more leading zero bytes.\\n                mstore(add(m, 0x75), 0x604c573d6000fd) // 7\\n                mstore(add(m, 0x6e), 0x3d3560203555604080361115604c5736038060403d373d3d355af43d6000803e) // 32\\n                mstore(add(m, 0x4e), 0x3735a920a3ca505d382bbc545af43d6000803e604c573d6000fd5b3d6000f35b) // 32\\n                mstore(add(m, 0x2e), 0x14605157363d3d37363d7f360894a13ba1a3210667c828492db98dca3e2076cc) // 32\\n                mstore(add(m, 0x0e), address()) // 14\\n                mstore(m, 0x60793d8160093d39f33d3d336d) // 9 + 4\\n            }\\n            default {\\n                mstore(add(m, 0x7b), 0x6052573d6000fd) // 7\\n                mstore(add(m, 0x74), 0x3d356020355560408036111560525736038060403d373d3d355af43d6000803e) // 32\\n                mstore(add(m, 0x54), 0x3735a920a3ca505d382bbc545af43d6000803e6052573d6000fd5b3d6000f35b) // 32\\n                mstore(add(m, 0x34), 0x14605757363d3d37363d7f360894a13ba1a3210667c828492db98dca3e2076cc) // 32\\n                mstore(add(m, 0x14), address()) // 20\\n                mstore(m, 0x607f3d8160093d39f33d3d3373) // 9 + 4\\n            }\\n            // forgefmt: disable-end\\n        }\\n    }\\n\\n    /*\u00b4:\u00b0\u2022.\u00b0+.*\u2022\u00b4.*:\u02da.\u00b0*.\u02da\u2022\u00b4.\u00b0:\u00b0\u2022.\u00b0\u2022.*\u2022\u00b4.*:\u02da.\u00b0*.\u02da\u2022\u00b4.\u00b0:\u00b0\u2022.\u00b0+.*\u2022\u00b4.*:*/\\n    /*                          HELPERS                           */\\n    /*.\u2022\u00b0:\u00b0.\u00b4+\u02da.*\u00b0.\u02da:*.\u00b4\u2022*.+\u00b0.\u2022\u00b0:\u00b4*.\u00b4\u2022*.\u2022\u00b0.\u2022\u00b0:\u00b0.\u00b4:\u2022\u02da\u00b0.*\u00b0.\u02da:*.\u00b4+\u00b0.\u2022*/\\n\\n    /// @dev Helper function to return an empty bytes calldata.\\n    function _emptyData() internal pure returns (bytes calldata data) {\\n        assembly {\\n            data.length := 0\\n        }\\n    }\\n}\\n\"\r\n    },\r\n    \"src/StashVerifier.sol\": {\r\n      \"content\": \"// SPDX-License-Identifier: MIT\\npragma solidity ^0.8.23;\\n\\nimport {IStash} from \\\"./interfaces/IStash.sol\\\";\\nimport {IStashFactory} from \\\"./interfaces/IStashFactory.sol\\\";\\n\\n/**\\n * @title StashVerifier\\n * @author Yuga Labs\\n * @custom:security-contact security@yugalabs.io\\n * @notice Helper contract used by the StashFactory to make external calls to the Stash contract.\\n */\\ncontract StashVerifier {\\n    address private immutable _STASH_FACTORY_ADDRESS;\\n\\n    constructor() {\\n        _STASH_FACTORY_ADDRESS = msg.sender;\\n    }\\n\\n    function isStash(address stashAddress) external view returns (bool) {\\n        IStash stashContract = IStash(stashAddress);\\n\\n        uint256 size;\\n        assembly {\\n            size := extcodesize(stashAddress)\\n        }\\n        if (size == 0) return false;\\n\\n        // call owner() method on stash\\n        (bool success, bytes memory result) = address(stashContract).staticcall(abi.encodeWithSelector(0x8da5cb5b));\\n        if (!success) return false;\\n\\n        address stashOwner;\\n        assembly {\\n            // extract stash owner address from result\\n            stashOwner := and(mload(add(result, 32)), 0xFFFFFFFFFFFFFFFFFFFFFFFFFFFFFFFFFFFFFFFF)\\n        }\\n\\n        address predictedAddress = IStashFactory(_STASH_FACTORY_ADDRESS).stashAddressFor(stashOwner);\\n\\n        // ensure that the stash owner would have deployed to the provided stashAddress\\n        return predictedAddress == stashAddress;\\n    }\\n\\n    function stashVersion(address stashAddress) external view returns (uint256) {\\n        IStash stashContract = IStash(stashAddress);\\n\\n        return stashContract.version();\\n    }\\n}\\n\"\r\n    },\r\n    \"src/interfaces/IStash.sol\": {\r\n      \"content\": \"// SPDX-License-Identifier: MIT\\npragma solidity 0.8.23;\\n\\nimport {OrderType} from \\\"../helpers/Enum.sol\\\";\\nimport {Order} from \\\"../helpers/Struct.sol\\\";\\n\\ninterface IStash {\\n    function placeOrder(uint80 pricePerUnit, uint16 numberOfUnits) external payable;\\n    function processOrder(uint80 pricePerUnit, uint16 numberOfUnits) external;\\n    function availableLiquidity(address tokenAddress) external view returns (uint256);\\n    function wrapPunk(uint256 punkIndex) external;\\n    function getOrder(address paymentToken) external view returns (Order memory);\\n    function withdraw(address tokenAddress, uint256 amount) external;\\n    function owner() external view returns (address);\\n    function version() external view returns (uint256);\\n}\\n\"\r\n    },\r\n    \"lib/solady/src/auth/Ownable.sol\": {\r\n      \"content\": \"// SPDX-License-Identifier: MIT\\npragma solidity ^0.8.4;\\n\\n/// @notice Simple single owner authorization mixin.\\n/// @author Solady (https://github.com/vectorized/solady/blob/main/src/auth/Ownable.sol)\\n///\\n/// @dev Note:\\n/// This implementation does NOT auto-initialize the owner to `msg.sender`.\\n/// You MUST call the `_initializeOwner` in the constructor / initializer.\\n///\\n/// While the ownable portion follows\\n/// [EIP-173](https://eips.ethereum.org/EIPS/eip-173) for compatibility,\\n/// the nomenclature for the 2-step ownership handover may be unique to this codebase.\\nabstract contract Ownable {\\n    /*\u00b4:\u00b0\u2022.\u00b0+.*\u2022\u00b4.*:\u02da.\u00b0*.\u02da\u2022\u00b4.\u00b0:\u00b0\u2022.\u00b0\u2022.*\u2022\u00b4.*:\u02da.\u00b0*.\u02da\u2022\u00b4.\u00b0:\u00b0\u2022.\u00b0+.*\u2022\u00b4.*:*/\\n    /*                       CUSTOM ERRORS                        */\\n    /*.\u2022\u00b0:\u00b0.\u00b4+\u02da.*\u00b0.\u02da:*.\u00b4\u2022*.+\u00b0.\u2022\u00b0:\u00b4*.\u00b4\u2022*.\u2022\u00b0.\u2022\u00b0:\u00b0.\u00b4:\u2022\u02da\u00b0.*\u00b0.\u02da:*.\u00b4+\u00b0.\u2022*/\\n\\n    /// @dev The caller is not authorized to call the function.\\n    error Unauthorized();\\n\\n    /// @dev The `newOwner` cannot be the zero address.\\n    error NewOwnerIsZeroAddress();\\n\\n    /// @dev The `pendingOwner` does not have a valid handover request.\\n    error NoHandoverRequest();\\n\\n    /// @dev Cannot double-initialize.\\n    error AlreadyInitialized();\\n\\n    /*\u00b4:\u00b0\u2022.\u00b0+.*\u2022\u00b4.*:\u02da.\u00b0*.\u02da\u2022\u00b4.\u00b0:\u00b0\u2022.\u00b0\u2022.*\u2022\u00b4.*:\u02da.\u00b0*.\u02da\u2022\u00b4.\u00b0:\u00b0\u2022.\u00b0+.*\u2022\u00b4.*:*/\\n    /*                           EVENTS                           */\\n    /*.\u2022\u00b0:\u00b0.\u00b4+\u02da.*\u00b0.\u02da:*.\u00b4\u2022*.+\u00b0.\u2022\u00b0:\u00b4*.\u00b4\u2022*.\u2022\u00b0.\u2022\u00b0:\u00b0.\u00b4:\u2022\u02da\u00b0.*\u00b0.\u02da:*.\u00b4+\u00b0.\u2022*/\\n\\n    /// @dev The ownership is transferred from `oldOwner` to `newOwner`.\\n    /// This event is intentionally kept the same as OpenZeppelin's Ownable to be\\n    /// compatible with indexers and [EIP-173](https://eips.ethereum.org/EIPS/eip-173),\\n    /// despite it not being as lightweight as a single argument event.\\n    event OwnershipTransferred(address indexed oldOwner, address indexed newOwner);\\n\\n    /// @dev An ownership handover to `pendingOwner` has been requested.\\n    event OwnershipHandoverRequested(address indexed pendingOwner);\\n\\n    /// @dev The ownership handover to `pendingOwner` has been canceled.\\n    event OwnershipHandoverCanceled(address indexed pendingOwner);\\n\\n    /// @dev `keccak256(bytes(\\\"OwnershipTransferred(address,address)\\\"))`.\\n    uint256 private constant _OWNERSHIP_TRANSFERRED_EVENT_SIGNATURE =\\n        0x8be0079c531659141344cd1fd0a4f28419497f9722a3daafe3b4186f6b6457e0;\\n\\n    /// @dev `keccak256(bytes(\\\"OwnershipHandoverRequested(address)\\\"))`.\\n    uint256 private constant _OWNERSHIP_HANDOVER_REQUESTED_EVENT_SIGNATURE =\\n        0xdbf36a107da19e49527a7176a1babf963b4b0ff8cde35ee35d6cd8f1f9ac7e1d;\\n\\n    /// @dev `keccak256(bytes(\\\"OwnershipHandoverCanceled(address)\\\"))`.\\n    uint256 private constant _OWNERSHIP_HANDOVER_CANCELED_EVENT_SIGNATURE =\\n        0xfa7b8eab7da67f412cc9575ed43464468f9bfbae89d1675917346ca6d8fe3c92;\\n\\n    /*\u00b4:\u00b0\u2022.\u00b0+.*\u2022\u00b4.*:\u02da.\u00b0*.\u02da\u2022\u00b4.\u00b0:\u00b0\u2022.\u00b0\u2022.*\u2022\u00b4.*:\u02da.\u00b0*.\u02da\u2022\u00b4.\u00b0:\u00b0\u2022.\u00b0+.*\u2022\u00b4.*:*/\\n    /*                          STORAGE                           */\\n    /*.\u2022\u00b0:\u00b0.\u00b4+\u02da.*\u00b0.\u02da:*.\u00b4\u2022*.+\u00b0.\u2022\u00b0:\u00b4*.\u00b4\u2022*.\u2022\u00b0.\u2022\u00b0:\u00b0.\u00b4:\u2022\u02da\u00b0.*\u00b0.\u02da:*.\u00b4+\u00b0.\u2022*/\\n\\n    /// @dev The owner slot is given by:\\n    /// `bytes32(~uint256(uint32(bytes4(keccak256(\\\"_OWNER_SLOT_NOT\\\")))))`.\\n    /// It is intentionally chosen to be a high value\\n    /// to avoid collision with lower slots.\\n    /// The choice of manual storage layout is to enable compatibility\\n    /// with both regular and upgradeable contracts.\\n    bytes32 internal constant _OWNER_SLOT =\\n        0xffffffffffffffffffffffffffffffffffffffffffffffffffffffff74873927;\\n\\n    /// The ownership handover slot of `newOwner` is given by:\\n    /// ```\\n    ///     mstore(0x00, or(shl(96, user), _HANDOVER_SLOT_SEED))\\n    ///     let handoverSlot := keccak256(0x00, 0x20)\\n    /// ```\\n    /// It stores the expiry timestamp of the two-step ownership handover.\\n    uint256 private constant _HANDOVER_SLOT_SEED = 0x389a75e1;\\n\\n    /*\u00b4:\u00b0\u2022.\u00b0+.*\u2022\u00b4.*:\u02da.\u00b0*.\u02da\u2022\u00b4.\u00b0:\u00b0\u2022.\u00b0\u2022.*\u2022\u00b4.*:\u02da.\u00b0*.\u02da\u2022\u00b4.\u00b0:\u00b0\u2022.\u00b0+.*\u2022\u00b4.*:*/\\n    /*                     INTERNAL FUNCTIONS                     */\\n    /*.\u2022\u00b0:\u00b0.\u00b4+\u02da.*\u00b0.\u02da:*.\u00b4\u2022*.+\u00b0.\u2022\u00b0:\u00b4*.\u00b4\u2022*.\u2022\u00b0.\u2022\u00b0:\u00b0.\u00b4:\u2022\u02da\u00b0.*\u00b0.\u02da:*.\u00b4+\u00b0.\u2022*/\\n\\n    /// @dev Override to return true to make `_initializeOwner` prevent double-initialization.\\n    function _guardInitializeOwner() internal pure virtual returns (bool guard) {}\\n\\n    /// @dev Initializes the owner directly without authorization guard.\\n    /// This function must be called upon initialization,\\n    /// regardless of whether the contract is upgradeable or not.\\n    /// This is to enable generalization to both regular and upgradeable contracts,\\n    /// and to save gas in case the initial owner is not the caller.\\n    /// For performance reasons, this function will not check if there\\n    /// is an existing owner.\\n    function _initializeOwner(address newOwner) internal virtual {\\n        if (_guardInitializeOwner()) {\\n            /// @solidity memory-safe-assembly\\n            assembly {\\n                let ownerSlot := _OWNER_SLOT\\n                if sload(ownerSlot) {\\n                    mstore(0x00, 0x0dc149f0) // `AlreadyInitialized()`.\\n                    revert(0x1c, 0x04)\\n                }\\n                // Clean the upper 96 bits.\\n                newOwner := shr(96, shl(96, newOwner))\\n                // Store the new value.\\n                sstore(ownerSlot, or(newOwner, shl(255, iszero(newOwner))))\\n                // Emit the {OwnershipTransferred} event.\\n                log3(0, 0, _OWNERSHIP_TRANSFERRED_EVENT_SIGNATURE, 0, newOwner)\\n            }\\n        } else {\\n            /// @solidity memory-safe-assembly\\n            assembly {\\n                // Clean the upper 96 bits.\\n                newOwner := shr(96, shl(96, newOwner))\\n                // Store the new value.\\n                sstore(_OWNER_SLOT, newOwner)\\n                // Emit the {OwnershipTransferred} event.\\n                log3(0, 0, _OWNERSHIP_TRANSFERRED_EVENT_SIGNATURE, 0, newOwner)\\n            }\\n        }\\n    }\\n\\n    /// @dev Sets the owner directly without authorization guard.\\n    function _setOwner(address newOwner) internal virtual {\\n        if (_guardInitializeOwner()) {\\n            /// @solidity memory-safe-assembly\\n            assembly {\\n                let ownerSlot := _OWNER_SLOT\\n                // Clean the upper 96 bits.\\n                newOwner := shr(96, shl(96, newOwner))\\n                // Emit the {OwnershipTransferred} event.\\n                log3(0, 0, _OWNERSHIP_TRANSFERRED_EVENT_SIGNATURE, sload(ownerSlot), newOwner)\\n                // Store the new value.\\n                sstore(ownerSlot, or(newOwner, shl(255, iszero(newOwner))))\\n            }\\n        } else {\\n            /// @solidity memory-safe-assembly\\n            assembly {\\n                let ownerSlot := _OWNER_SLOT\\n                // Clean the upper 96 bits.\\n                newOwner := shr(96, shl(96, newOwner))\\n                // Emit the {OwnershipTransferred} event.\\n                log3(0, 0, _OWNERSHIP_TRANSFERRED_EVENT_SIGNATURE, sload(ownerSlot), newOwner)\\n                // Store the new value.\\n                sstore(ownerSlot, newOwner)\\n            }\\n        }\\n    }\\n\\n    /// @dev Throws if the sender is not the owner.\\n    function _checkOwner() internal view virtual {\\n        /// @solidity memory-safe-assembly\\n        assembly {\\n            // If the caller is not the stored owner, revert.\\n            if iszero(eq(caller(), sload(_OWNER_SLOT))) {\\n                mstore(0x00, 0x82b42900) // `Unauthorized()`.\\n                revert(0x1c, 0x04)\\n            }\\n        }\\n    }\\n\\n    /// @dev Returns how long a two-step ownership handover is valid for in seconds.\\n    /// Override to return a different value if needed.\\n    /// Made internal to conserve bytecode. Wrap it in a public function if needed.\\n    function _ownershipHandoverValidFor() internal view virtual returns (uint64) {\\n        return 48 * 3600;\\n    }\\n\\n    /*\u00b4:\u00b0\u2022.\u00b0+.*\u2022\u00b4.*:\u02da.\u00b0*.\u02da\u2022\u00b4.\u00b0:\u00b0\u2022.\u00b0\u2022.*\u2022\u00b4.*:\u02da.\u00b0*.\u02da\u2022\u00b4.\u00b0:\u00b0\u2022.\u00b0+.*\u2022\u00b4.*:*/\\n    /*                  PUBLIC UPDATE FUNCTIONS                   */\\n    /*.\u2022\u00b0:\u00b0.\u00b4+\u02da.*\u00b0.\u02da:*.\u00b4\u2022*.+\u00b0.\u2022\u00b0:\u00b4*.\u00b4\u2022*.\u2022\u00b0.\u2022\u00b0:\u00b0.\u00b4:\u2022\u02da\u00b0.*\u00b0.\u02da:*.\u00b4+\u00b0.\u2022*/\\n\\n    /// @dev Allows the owner to transfer the ownership to `newOwner`.\\n    function transferOwnership(address newOwner) public payable virtual onlyOwner {\\n        /// @solidity memory-safe-assembly\\n        assembly {\\n            if iszero(shl(96, newOwner)) {\\n                mstore(0x00, 0x7448fbae) // `NewOwnerIsZeroAddress()`.\\n                revert(0x1c, 0x04)\\n            }\\n        }\\n        _setOwner(newOwner);\\n    }\\n\\n    /// @dev Allows the owner to renounce their ownership.\\n    function renounceOwnership() public payable virtual onlyOwner {\\n        _setOwner(address(0));\\n    }\\n\\n    /// @dev Request a two-step ownership handover to the caller.\\n    /// The request will automatically expire in 48 hours (172800 seconds) by default.\\n    function requestOwnershipHandover() public payable virtual {\\n        unchecked {\\n            uint256 expires = block.timestamp + _ownershipHandoverValidFor();\\n            /// @solidity memory-safe-assembly\\n            assembly {\\n                // Compute and set the handover slot to `expires`.\\n                mstore(0x0c, _HANDOVER_SLOT_SEED)\\n                mstore(0x00, caller())\\n                sstore(keccak256(0x0c, 0x20), expires)\\n                // Emit the {OwnershipHandoverRequested} event.\\n                log2(0, 0, _OWNERSHIP_HANDOVER_REQUESTED_EVENT_SIGNATURE, caller())\\n            }\\n        }\\n    }\\n\\n    /// @dev Cancels the two-step ownership handover to the caller, if any.\\n    function cancelOwnershipHandover() public payable virtual {\\n        /// @solidity memory-safe-assembly\\n        assembly {\\n            // Compute and set the handover slot to 0.\\n            mstore(0x0c, _HANDOVER_SLOT_SEED)\\n            mstore(0x00, caller())\\n            sstore(keccak256(0x0c, 0x20), 0)\\n            // Emit the {OwnershipHandoverCanceled} event.\\n            log2(0, 0, _OWNERSHIP_HANDOVER_CANCELED_EVENT_SIGNATURE, caller())\\n        }\\n    }\\n\\n    /// @dev Allows the owner to complete the two-step ownership handover to `pendingOwner`.\\n    /// Reverts if there is no existing ownership handover requested by `pendingOwner`.\\n    function completeOwnershipHandover(address pendingOwner) public payable virtual onlyOwner {\\n        /// @solidity memory-safe-assembly\\n        assembly {\\n            // Compute and set the handover slot to 0.\\n            mstore(0x0c, _HANDOVER_SLOT_SEED)\\n            mstore(0x00, pendingOwner)\\n            let handoverSlot := keccak256(0x0c, 0x20)\\n            // If the handover does not exist, or has expired.\\n            if gt(timestamp(), sload(handoverSlot)) {\\n                mstore(0x00, 0x6f5e8818) // `NoHandoverRequest()`.\\n                revert(0x1c, 0x04)\\n            }\\n            // Set the handover slot to 0.\\n            sstore(handoverSlot, 0)\\n        }\\n        _setOwner(pendingOwner);\\n    }\\n\\n    /*\u00b4:\u00b0\u2022.\u00b0+.*\u2022\u00b4.*:\u02da.\u00b0*.\u02da\u2022\u00b4.\u00b0:\u00b0\u2022.\u00b0\u2022.*\u2022\u00b4.*:\u02da.\u00b0*.\u02da\u2022\u00b4.\u00b0:\u00b0\u2022.\u00b0+.*\u2022\u00b4.*:*/\\n    /*                   PUBLIC READ FUNCTIONS                    */\\n    /*.\u2022\u00b0:\u00b0.\u00b4+\u02da.*\u00b0.\u02da:*.\u00b4\u2022*.+\u00b0.\u2022\u00b0:\u00b4*.\u00b4\u2022*.\u2022\u00b0.\u2022\u00b0:\u00b0.\u00b4:\u2022\u02da\u00b0.*\u00b0.\u02da:*.\u00b4+\u00b0.\u2022*/\\n\\n    /// @dev Returns the owner of the contract.\\n    function owner() public view virtual returns (address result) {\\n        /// @solidity memory-safe-assembly\\n        assembly {\\n            result := sload(_OWNER_SLOT)\\n        }\\n    }\\n\\n    /// @dev Returns the expiry timestamp for the two-step ownership handover to `pendingOwner`.\\n    function ownershipHandoverExpiresAt(address pendingOwner)\\n        public\\n        view\\n        virtual\\n        returns (uint256 result)\\n    {\\n        /// @solidity memory-safe-assembly\\n        assembly {\\n            // Compute the handover slot.\\n            mstore(0x0c, _HANDOVER_SLOT_SEED)\\n            mstore(0x00, pendingOwner)\\n            // Load the handover slot.\\n            result := sload(keccak256(0x0c, 0x20))\\n        }\\n    }\\n\\n    /*\u00b4:\u00b0\u2022.\u00b0+.*\u2022\u00b4.*:\u02da.\u00b0*.\u02da\u2022\u00b4.\u00b0:\u00b0\u2022.\u00b0\u2022.*\u2022\u00b4.*:\u02da.\u00b0*.\u02da\u2022\u00b4.\u00b0:\u00b0\u2022.\u00b0+.*\u2022\u00b4.*:*/\\n    /*                         MODIFIERS                          */\\n    /*.\u2022\u00b0:\u00b0.\u00b4+\u02da.*\u00b0.\u02da:*.\u00b4\u2022*.+\u00b0.\u2022\u00b0:\u00b4*.\u00b4\u2022*.\u2022\u00b0.\u2022\u00b0:\u00b0.\u00b4:\u2022\u02da\u00b0.*\u00b0.\u02da:*.\u00b4+\u00b0.\u2022*/\\n\\n    /// @dev Marks a function as only callable by the owner.\\n    modifier onlyOwner() virtual {\\n        _checkOwner();\\n        _;\\n    }\\n}\\n\"\r\n    },\r\n    \"src/interfaces/IStashFactory.sol\": {\r\n      \"content\": \"// SPDX-License-Identifier: MIT\\npragma solidity 0.8.23;\\n\\ninterface IStashFactory {\\n    function isStash(address stash) external view returns (bool);\\n    function deployStash(address owner) external returns (address);\\n    function isAuction(address auction) external view returns (bool);\\n    function stashAddressFor(address owner) external view returns (address);\\n}\\n\"\r\n    },\r\n    \"src/helpers/Enum.sol\": {\r\n      \"content\": \"// SPDX-License-Identifier: MIT\\npragma solidity 0.8.23;\\n\\nenum OrderType\\n{\\n    // 0: Can replace previous bid. Alters bid price and adds `numberOfUnits`\\n    SUBSEQUENT_BIDS_OVERWRITE_PRICE_AND_ADD_UNITS,\\n    // 1: Can replace previous bid if new bid has higher `pricePerUnit`\\n    SUBSEQUENT_BIDS_REPLACE_EXISTING_PRICE_INCREASE_REQUIRED,\\n    // 2: Cannot replace previous bid under any circumstance\\n    UNREPLACEABLE\\n}\\n\"\r\n    },\r\n    \"src/helpers/Struct.sol\": {\r\n      \"content\": \"// SPDX-License-Identifier: MIT\\npragma solidity 0.8.23;\\n\\nimport {OrderType} from \\\"./Enum.sol\\\";\\n\\nstruct Order {\\n    uint16 numberOfUnits;\\n    uint80 pricePerUnit;\\n    address auction;\\n}\\n\\nstruct PunkBid {\\n    Order order;\\n    uint256 accountNonce;\\n    uint256 bidNonce;\\n    uint256 expiration;\\n    bytes32 root;\\n}\\n\"\r\n    }\r\n  },\r\n  \"settings\": {\r\n    \"remappings\": [\r\n      \"forge-std/=lib/forge-std/src/\",\r\n      \"@openzeppelin/=lib/openzeppelin-contracts/\",\r\n      \"ERC721A/=lib/ERC721A/contracts/\",\r\n      \"solady/=lib/solady/src/\",\r\n      \"soladytest/=lib/solady/test/\",\r\n      \"sol-json/=lib/sol-json/src/\",\r\n      \"ds-test/=lib/forge-std/lib/ds-test/src/\",\r\n      \"solmate/=lib/sol-json/lib/solady/lib/solmate/src/\"\r\n    ],\r\n    \"optimizer\": {\r\n      \"enabled\": true,\r\n      \"runs\": 200\r\n    },\r\n    \"metadata\": {\r\n      \"useLiteralContent\": false,\r\n      \"bytecodeHash\": \"ipfs\",\r\n      \"appendCBOR\": true\r\n    },\r\n    \"outputSelection\": {\r\n      \"*\": {\r\n        \"*\": [\r\n          \"evm.bytecode\",\r\n          \"evm.deployedBytecode\",\r\n          \"abi\"\r\n        ]\r\n      }\r\n    },\r\n    \"evmVersion\": \"paris\",\r\n    \"libraries\": {}\r\n  }\r\n}}", "ABI": "[{\"inputs\":[],\"stateMutability\":\"nonpayable\",\"type\":\"constructor\"},{\"inputs\":[],\"name\":\"AlreadyDeployed\",\"type\":\"error\"},{\"inputs\":[],\"name\":\"AlreadyInitialized\",\"type\":\"error\"},{\"inputs\":[],\"name\":\"AlreadyOnCurrentVersion\",\"type\":\"error\"},{\"inputs\":[],\"name\":\"DeploymentFailed\",\"type\":\"error\"},{\"inputs\":[{\"internalType\":\"uint256\",\"name\":\"expectedVersion\",\"type\":\"uint256\"},{\"internalType\":\"uint256\",\"name\":\"actualVersion\",\"type\":\"uint256\"}],\"name\":\"InvalidVersion\",\"type\":\"error\"},{\"inputs\":[],\"name\":\"NewOwnerIsZeroAddress\",\"type\":\"error\"},{\"inputs\":[],\"name\":\"NoHandoverRequest\",\"type\":\"error\"},{\"inputs\":[],\"name\":\"StashAddressMismatch\",\"type\":\"error\"},{\"inputs\":[],\"name\":\"Unauthorized\",\"type\":\"error\"},{\"inputs\":[],\"name\":\"UpgradeFailed\",\"type\":\"error\"},{\"anonymous\":false,\"inputs\":[{\"indexed\":true,\"internalType\":\"address\",\"name\":\"auction\",\"type\":\"address\"},{\"indexed\":true,\"internalType\":\"bool\",\"name\":\"isAuction\",\"type\":\"bool\"}],\"name\":\"AuctionSet\",\"type\":\"event\"},{\"anonymous\":false,\"inputs\":[{\"indexed\":true,\"internalType\":\"address\",\"name\":\"proxy\",\"type\":\"address\"},{\"indexed\":true,\"internalType\":\"address\",\"name\":\"implementation\",\"type\":\"address\"}],\"name\":\"Deployed\",\"type\":\"event\"},{\"anonymous\":false,\"inputs\":[{\"indexed\":true,\"internalType\":\"address\",\"name\":\"pendingOwner\",\"type\":\"address\"}],\"name\":\"OwnershipHandoverCanceled\",\"type\":\"event\"},{\"anonymous\":false,\"inputs\":[{\"indexed\":true,\"internalType\":\"address\",\"name\":\"pendingOwner\",\"type\":\"address\"}],\"name\":\"OwnershipHandoverRequested\",\"type\":\"event\"},{\"anonymous\":false,\"inputs\":[{\"indexed\":true,\"internalType\":\"address\",\"name\":\"oldOwner\",\"type\":\"address\"},{\"indexed\":true,\"internalType\":\"address\",\"name\":\"newOwner\",\"type\":\"address\"}],\"name\":\"OwnershipTransferred\",\"type\":\"event\"},{\"anonymous\":false,\"inputs\":[{\"indexed\":true,\"internalType\":\"address\",\"name\":\"user\",\"type\":\"address\"},{\"indexed\":true,\"internalType\":\"uint256\",\"name\":\"roles\",\"type\":\"uint256\"}],\"name\":\"RolesUpdated\",\"type\":\"event\"},{\"anonymous\":false,\"inputs\":[{\"indexed\":true,\"internalType\":\"address\",\"name\":\"proxy\",\"type\":\"address\"},{\"indexed\":true,\"internalType\":\"address\",\"name\":\"implementation\",\"type\":\"address\"}],\"name\":\"Upgraded\",\"type\":\"event\"},{\"anonymous\":false,\"inputs\":[{\"indexed\":true,\"internalType\":\"uint256\",\"name\":\"version\",\"type\":\"uint256\"},{\"indexed\":true,\"internalType\":\"address\",\"name\":\"implementation\",\"type\":\"address\"}],\"name\":\"VersionAdded\",\"type\":\"event\"},{\"inputs\":[{\"internalType\":\"address\",\"name\":\"implementation\",\"type\":\"address\"}],\"name\":\"addVersion\",\"outputs\":[],\"stateMutability\":\"nonpayable\",\"type\":\"function\"},{\"inputs\":[],\"name\":\"cancelOwnershipHandover\",\"outputs\":[],\"stateMutability\":\"payable\",\"type\":\"function\"},{\"inputs\":[{\"internalType\":\"address\",\"name\":\"pendingOwner\",\"type\":\"address\"}],\"name\":\"completeOwnershipHandover\",\"outputs\":[],\"stateMutability\":\"payable\",\"type\":\"function\"},{\"inputs\":[],\"name\":\"currentVersion\",\"outputs\":[{\"internalType\":\"uint256\",\"name\":\"\",\"type\":\"uint256\"}],\"stateMutability\":\"view\",\"type\":\"function\"},{\"inputs\":[{\"internalType\":\"address\",\"name\":\"_owner\",\"type\":\"address\"}],\"name\":\"deployStash\",\"outputs\":[{\"internalType\":\"address\",\"name\":\"deployedAddress\",\"type\":\"address\"}],\"stateMutability\":\"nonpayable\",\"type\":\"function\"},{\"inputs\":[{\"internalType\":\"address\",\"name\":\"user\",\"type\":\"address\"},{\"internalType\":\"uint256\",\"name\":\"roles\",\"type\":\"uint256\"}],\"name\":\"grantRoles\",\"outputs\":[],\"stateMutability\":\"payable\",\"type\":\"function\"},{\"inputs\":[{\"internalType\":\"address\",\"name\":\"user\",\"type\":\"address\"},{\"internalType\":\"uint256\",\"name\":\"roles\",\"type\":\"uint256\"}],\"name\":\"hasAllRoles\",\"outputs\":[{\"internalType\":\"bool\",\"name\":\"\",\"type\":\"bool\"}],\"stateMutability\":\"view\",\"type\":\"function\"},{\"inputs\":[{\"internalType\":\"address\",\"name\":\"user\",\"type\":\"address\"},{\"internalType\":\"uint256\",\"name\":\"roles\",\"type\":\"uint256\"}],\"name\":\"hasAnyRole\",\"outputs\":[{\"internalType\":\"bool\",\"name\":\"\",\"type\":\"bool\"}],\"stateMutability\":\"view\",\"type\":\"function\"},{\"inputs\":[{\"internalType\":\"uint256\",\"name\":\"version\",\"type\":\"uint256\"}],\"name\":\"implementations\",\"outputs\":[{\"internalType\":\"address\",\"name\":\"implementation\",\"type\":\"address\"}],\"stateMutability\":\"view\",\"type\":\"function\"},{\"inputs\":[{\"internalType\":\"address\",\"name\":\"auctionAddress\",\"type\":\"address\"}],\"name\":\"isAuction\",\"outputs\":[{\"internalType\":\"bool\",\"name\":\"\",\"type\":\"bool\"}],\"stateMutability\":\"view\",\"type\":\"function\"},{\"inputs\":[{\"internalType\":\"address\",\"name\":\"stashAddress\",\"type\":\"address\"}],\"name\":\"isStash\",\"outputs\":[{\"internalType\":\"bool\",\"name\":\"\",\"type\":\"bool\"}],\"stateMutability\":\"view\",\"type\":\"function\"},{\"inputs\":[],\"name\":\"owner\",\"outputs\":[{\"internalType\":\"address\",\"name\":\"result\",\"type\":\"address\"}],\"stateMutability\":\"view\",\"type\":\"function\"},{\"inputs\":[{\"internalType\":\"address\",\"name\":\"owner\",\"type\":\"address\"}],\"name\":\"ownerHasDeployed\",\"outputs\":[{\"internalType\":\"bool\",\"name\":\"\",\"type\":\"bool\"}],\"stateMutability\":\"view\",\"type\":\"function\"},{\"inputs\":[{\"internalType\":\"address\",\"name\":\"pendingOwner\",\"type\":\"address\"}],\"name\":\"ownershipHandoverExpiresAt\",\"outputs\":[{\"internalType\":\"uint256\",\"name\":\"result\",\"type\":\"uint256\"}],\"stateMutability\":\"view\",\"type\":\"function\"},{\"inputs\":[],\"name\":\"renounceOwnership\",\"outputs\":[],\"stateMutability\":\"payable\",\"type\":\"function\"},{\"inputs\":[{\"internalType\":\"uint256\",\"name\":\"roles\",\"type\":\"uint256\"}],\"name\":\"renounceRoles\",\"outputs\":[],\"stateMutability\":\"payable\",\"type\":\"function\"},{\"inputs\":[],\"name\":\"requestOwnershipHandover\",\"outputs\":[],\"stateMutability\":\"payable\",\"type\":\"function\"},{\"inputs\":[{\"internalType\":\"address\",\"name\":\"user\",\"type\":\"address\"},{\"internalType\":\"uint256\",\"name\":\"roles\",\"type\":\"uint256\"}],\"name\":\"revokeRoles\",\"outputs\":[],\"stateMutability\":\"payable\",\"type\":\"function\"},{\"inputs\":[{\"internalType\":\"address\",\"name\":\"user\",\"type\":\"address\"}],\"name\":\"rolesOf\",\"outputs\":[{\"internalType\":\"uint256\",\"name\":\"roles\",\"type\":\"uint256\"}],\"stateMutability\":\"view\",\"type\":\"function\"},{\"inputs\":[{\"internalType\":\"address\",\"name\":\"auction\",\"type\":\"address\"},{\"internalType\":\"bool\",\"name\":\"_isAuction\",\"type\":\"bool\"}],\"name\":\"setAuction\",\"outputs\":[],\"stateMutability\":\"nonpayable\",\"type\":\"function\"},{\"inputs\":[{\"internalType\":\"address\",\"name\":\"stashOwner\",\"type\":\"address\"}],\"name\":\"stashAddressFor\",\"outputs\":[{\"internalType\":\"address\",\"name\":\"\",\"type\":\"address\"}],\"stateMutability\":\"view\",\"type\":\"function\"},{\"inputs\":[],\"name\":\"stashVerifier\",\"outputs\":[{\"internalType\":\"address\",\"name\":\"\",\"type\":\"address\"}],\"stateMutability\":\"view\",\"type\":\"function\"},{\"inputs\":[{\"internalType\":\"address\",\"name\":\"newOwner\",\"type\":\"address\"}],\"name\":\"transferOwnership\",\"outputs\":[],\"stateMutability\":\"payable\",\"type\":\"function\"},{\"inputs\":[],\"name\":\"upgradeStash\",\"outputs\":[],\"stateMutability\":\"nonpayable\",\"type\":\"function\"}]", "ContractName": "StashFactory", "CompilerVersion": "v0.8.23+commit.f704f362", "OptimizationUsed": "1", "Runs": "200", "ConstructorArguments": "", "EVMVersion": "paris", "Library": "", "LicenseType": "MIT", "Proxy": "0", "Implementation": "", "SwarmSource": "ipfs://1af1b339b42aac1272bef54374a54401c9dc872bf4d0474064d74b519678892d"}