{"SourceCode": "{{\r\n  \"language\": \"Solidity\",\r\n  \"sources\": {\r\n    \"src/Create/contracts/v1/MintModuleRegistry.sol\": {\r\n      \"content\": \"// SPDX-License-Identifier: MIT\\npragma solidity ^0.8.21;\\n\\nimport {Ownable} from \\\"solady/auth/Ownable.sol\\\";\\nimport {Version} from \\\"create/contracts/v1/Version.sol\\\";\\nimport {IMintModuleRegistry} from \\\"create/interfaces/v1/IMintModuleRegistry.sol\\\";\\n\\ncontract MintModuleRegistry is IMintModuleRegistry, Ownable, Version {\\n    constructor() Version(1) {\\n        _initializeOwner(tx.origin);\\n    }\\n\\n    /// @inheritdoc IMintModuleRegistry\\n    mapping(address => bool) public isRegistered;\\n\\n    /// @inheritdoc IMintModuleRegistry\\n    function addModule(address module) external onlyOwner {\\n        if (module == address(0)) revert InvalidAddress();\\n        if (isRegistered[module]) revert AlreadyRegistered();\\n\\n        isRegistered[module] = true;\\n        emit ModuleAdded(module);\\n    }\\n\\n    /// @inheritdoc IMintModuleRegistry\\n    function removeModule(address module) external onlyOwner {\\n        if (module == address(0)) revert InvalidAddress();\\n        if (!isRegistered[module]) revert NotRegistered();\\n\\n        delete isRegistered[module];\\n        emit ModuleRemoved(module);\\n    }\\n\\n    /// @inheritdoc IMintModuleRegistry\\n    function checkModule(address mintModule) external view override {\\n        if (!isRegistered[mintModule]) revert NotRegistered();\\n    }\\n}\\n\"\r\n    },\r\n    \"lib/solady/src/auth/Ownable.sol\": {\r\n      \"content\": \"// SPDX-License-Identifier: MIT\\npragma solidity ^0.8.4;\\n\\n/// @notice Simple single owner authorization mixin.\\n/// @author Solady (https://github.com/vectorized/solady/blob/main/src/auth/Ownable.sol)\\n///\\n/// @dev Note:\\n/// This implementation does NOT auto-initialize the owner to `msg.sender`.\\n/// You MUST call the `_initializeOwner` in the constructor / initializer.\\n///\\n/// While the ownable portion follows\\n/// [EIP-173](https://eips.ethereum.org/EIPS/eip-173) for compatibility,\\n/// the nomenclature for the 2-step ownership handover may be unique to this codebase.\\nabstract contract Ownable {\\n    /*\u00b4:\u00b0\u2022.\u00b0+.*\u2022\u00b4.*:\u02da.\u00b0*.\u02da\u2022\u00b4.\u00b0:\u00b0\u2022.\u00b0\u2022.*\u2022\u00b4.*:\u02da.\u00b0*.\u02da\u2022\u00b4.\u00b0:\u00b0\u2022.\u00b0+.*\u2022\u00b4.*:*/\\n    /*                       CUSTOM ERRORS                        */\\n    /*.\u2022\u00b0:\u00b0.\u00b4+\u02da.*\u00b0.\u02da:*.\u00b4\u2022*.+\u00b0.\u2022\u00b0:\u00b4*.\u00b4\u2022*.\u2022\u00b0.\u2022\u00b0:\u00b0.\u00b4:\u2022\u02da\u00b0.*\u00b0.\u02da:*.\u00b4+\u00b0.\u2022*/\\n\\n    /// @dev The caller is not authorized to call the function.\\n    error Unauthorized();\\n\\n    /// @dev The `newOwner` cannot be the zero address.\\n    error NewOwnerIsZeroAddress();\\n\\n    /// @dev The `pendingOwner` does not have a valid handover request.\\n    error NoHandoverRequest();\\n\\n    /*\u00b4:\u00b0\u2022.\u00b0+.*\u2022\u00b4.*:\u02da.\u00b0*.\u02da\u2022\u00b4.\u00b0:\u00b0\u2022.\u00b0\u2022.*\u2022\u00b4.*:\u02da.\u00b0*.\u02da\u2022\u00b4.\u00b0:\u00b0\u2022.\u00b0+.*\u2022\u00b4.*:*/\\n    /*                           EVENTS                           */\\n    /*.\u2022\u00b0:\u00b0.\u00b4+\u02da.*\u00b0.\u02da:*.\u00b4\u2022*.+\u00b0.\u2022\u00b0:\u00b4*.\u00b4\u2022*.\u2022\u00b0.\u2022\u00b0:\u00b0.\u00b4:\u2022\u02da\u00b0.*\u00b0.\u02da:*.\u00b4+\u00b0.\u2022*/\\n\\n    /// @dev The ownership is transferred from `oldOwner` to `newOwner`.\\n    /// This event is intentionally kept the same as OpenZeppelin's Ownable to be\\n    /// compatible with indexers and [EIP-173](https://eips.ethereum.org/EIPS/eip-173),\\n    /// despite it not being as lightweight as a single argument event.\\n    event OwnershipTransferred(address indexed oldOwner, address indexed newOwner);\\n\\n    /// @dev An ownership handover to `pendingOwner` has been requested.\\n    event OwnershipHandoverRequested(address indexed pendingOwner);\\n\\n    /// @dev The ownership handover to `pendingOwner` has been canceled.\\n    event OwnershipHandoverCanceled(address indexed pendingOwner);\\n\\n    /// @dev `keccak256(bytes(\\\"OwnershipTransferred(address,address)\\\"))`.\\n    uint256 private constant _OWNERSHIP_TRANSFERRED_EVENT_SIGNATURE =\\n        0x8be0079c531659141344cd1fd0a4f28419497f9722a3daafe3b4186f6b6457e0;\\n\\n    /// @dev `keccak256(bytes(\\\"OwnershipHandoverRequested(address)\\\"))`.\\n    uint256 private constant _OWNERSHIP_HANDOVER_REQUESTED_EVENT_SIGNATURE =\\n        0xdbf36a107da19e49527a7176a1babf963b4b0ff8cde35ee35d6cd8f1f9ac7e1d;\\n\\n    /// @dev `keccak256(bytes(\\\"OwnershipHandoverCanceled(address)\\\"))`.\\n    uint256 private constant _OWNERSHIP_HANDOVER_CANCELED_EVENT_SIGNATURE =\\n        0xfa7b8eab7da67f412cc9575ed43464468f9bfbae89d1675917346ca6d8fe3c92;\\n\\n    /*\u00b4:\u00b0\u2022.\u00b0+.*\u2022\u00b4.*:\u02da.\u00b0*.\u02da\u2022\u00b4.\u00b0:\u00b0\u2022.\u00b0\u2022.*\u2022\u00b4.*:\u02da.\u00b0*.\u02da\u2022\u00b4.\u00b0:\u00b0\u2022.\u00b0+.*\u2022\u00b4.*:*/\\n    /*                          STORAGE                           */\\n    /*.\u2022\u00b0:\u00b0.\u00b4+\u02da.*\u00b0.\u02da:*.\u00b4\u2022*.+\u00b0.\u2022\u00b0:\u00b4*.\u00b4\u2022*.\u2022\u00b0.\u2022\u00b0:\u00b0.\u00b4:\u2022\u02da\u00b0.*\u00b0.\u02da:*.\u00b4+\u00b0.\u2022*/\\n\\n    /// @dev The owner slot is given by: `not(_OWNER_SLOT_NOT)`.\\n    /// It is intentionally chosen to be a high value\\n    /// to avoid collision with lower slots.\\n    /// The choice of manual storage layout is to enable compatibility\\n    /// with both regular and upgradeable contracts.\\n    uint256 private constant _OWNER_SLOT_NOT = 0x8b78c6d8;\\n\\n    /// The ownership handover slot of `newOwner` is given by:\\n    /// ```\\n    ///     mstore(0x00, or(shl(96, user), _HANDOVER_SLOT_SEED))\\n    ///     let handoverSlot := keccak256(0x00, 0x20)\\n    /// ```\\n    /// It stores the expiry timestamp of the two-step ownership handover.\\n    uint256 private constant _HANDOVER_SLOT_SEED = 0x389a75e1;\\n\\n    /*\u00b4:\u00b0\u2022.\u00b0+.*\u2022\u00b4.*:\u02da.\u00b0*.\u02da\u2022\u00b4.\u00b0:\u00b0\u2022.\u00b0\u2022.*\u2022\u00b4.*:\u02da.\u00b0*.\u02da\u2022\u00b4.\u00b0:\u00b0\u2022.\u00b0+.*\u2022\u00b4.*:*/\\n    /*                     INTERNAL FUNCTIONS                     */\\n    /*.\u2022\u00b0:\u00b0.\u00b4+\u02da.*\u00b0.\u02da:*.\u00b4\u2022*.+\u00b0.\u2022\u00b0:\u00b4*.\u00b4\u2022*.\u2022\u00b0.\u2022\u00b0:\u00b0.\u00b4:\u2022\u02da\u00b0.*\u00b0.\u02da:*.\u00b4+\u00b0.\u2022*/\\n\\n    /// @dev Initializes the owner directly without authorization guard.\\n    /// This function must be called upon initialization,\\n    /// regardless of whether the contract is upgradeable or not.\\n    /// This is to enable generalization to both regular and upgradeable contracts,\\n    /// and to save gas in case the initial owner is not the caller.\\n    /// For performance reasons, this function will not check if there\\n    /// is an existing owner.\\n    function _initializeOwner(address newOwner) internal virtual {\\n        /// @solidity memory-safe-assembly\\n        assembly {\\n            // Clean the upper 96 bits.\\n            newOwner := shr(96, shl(96, newOwner))\\n            // Store the new value.\\n            sstore(not(_OWNER_SLOT_NOT), newOwner)\\n            // Emit the {OwnershipTransferred} event.\\n            log3(0, 0, _OWNERSHIP_TRANSFERRED_EVENT_SIGNATURE, 0, newOwner)\\n        }\\n    }\\n\\n    /// @dev Sets the owner directly without authorization guard.\\n    function _setOwner(address newOwner) internal virtual {\\n        /// @solidity memory-safe-assembly\\n        assembly {\\n            let ownerSlot := not(_OWNER_SLOT_NOT)\\n            // Clean the upper 96 bits.\\n            newOwner := shr(96, shl(96, newOwner))\\n            // Emit the {OwnershipTransferred} event.\\n            log3(0, 0, _OWNERSHIP_TRANSFERRED_EVENT_SIGNATURE, sload(ownerSlot), newOwner)\\n            // Store the new value.\\n            sstore(ownerSlot, newOwner)\\n        }\\n    }\\n\\n    /// @dev Throws if the sender is not the owner.\\n    function _checkOwner() internal view virtual {\\n        /// @solidity memory-safe-assembly\\n        assembly {\\n            // If the caller is not the stored owner, revert.\\n            if iszero(eq(caller(), sload(not(_OWNER_SLOT_NOT)))) {\\n                mstore(0x00, 0x82b42900) // `Unauthorized()`.\\n                revert(0x1c, 0x04)\\n            }\\n        }\\n    }\\n\\n    /// @dev Returns how long a two-step ownership handover is valid for in seconds.\\n    /// Override to return a different value if needed.\\n    /// Made internal to conserve bytecode. Wrap it in a public function if needed.\\n    function _ownershipHandoverValidFor() internal view virtual returns (uint64) {\\n        return 48 * 3600;\\n    }\\n\\n    /*\u00b4:\u00b0\u2022.\u00b0+.*\u2022\u00b4.*:\u02da.\u00b0*.\u02da\u2022\u00b4.\u00b0:\u00b0\u2022.\u00b0\u2022.*\u2022\u00b4.*:\u02da.\u00b0*.\u02da\u2022\u00b4.\u00b0:\u00b0\u2022.\u00b0+.*\u2022\u00b4.*:*/\\n    /*                  PUBLIC UPDATE FUNCTIONS                   */\\n    /*.\u2022\u00b0:\u00b0.\u00b4+\u02da.*\u00b0.\u02da:*.\u00b4\u2022*.+\u00b0.\u2022\u00b0:\u00b4*.\u00b4\u2022*.\u2022\u00b0.\u2022\u00b0:\u00b0.\u00b4:\u2022\u02da\u00b0.*\u00b0.\u02da:*.\u00b4+\u00b0.\u2022*/\\n\\n    /// @dev Allows the owner to transfer the ownership to `newOwner`.\\n    function transferOwnership(address newOwner) public payable virtual onlyOwner {\\n        /// @solidity memory-safe-assembly\\n        assembly {\\n            if iszero(shl(96, newOwner)) {\\n                mstore(0x00, 0x7448fbae) // `NewOwnerIsZeroAddress()`.\\n                revert(0x1c, 0x04)\\n            }\\n        }\\n        _setOwner(newOwner);\\n    }\\n\\n    /// @dev Allows the owner to renounce their ownership.\\n    function renounceOwnership() public payable virtual onlyOwner {\\n        _setOwner(address(0));\\n    }\\n\\n    /// @dev Request a two-step ownership handover to the caller.\\n    /// The request will automatically expire in 48 hours (172800 seconds) by default.\\n    function requestOwnershipHandover() public payable virtual {\\n        unchecked {\\n            uint256 expires = block.timestamp + _ownershipHandoverValidFor();\\n            /// @solidity memory-safe-assembly\\n            assembly {\\n                // Compute and set the handover slot to `expires`.\\n                mstore(0x0c, _HANDOVER_SLOT_SEED)\\n                mstore(0x00, caller())\\n                sstore(keccak256(0x0c, 0x20), expires)\\n                // Emit the {OwnershipHandoverRequested} event.\\n                log2(0, 0, _OWNERSHIP_HANDOVER_REQUESTED_EVENT_SIGNATURE, caller())\\n            }\\n        }\\n    }\\n\\n    /// @dev Cancels the two-step ownership handover to the caller, if any.\\n    function cancelOwnershipHandover() public payable virtual {\\n        /// @solidity memory-safe-assembly\\n        assembly {\\n            // Compute and set the handover slot to 0.\\n            mstore(0x0c, _HANDOVER_SLOT_SEED)\\n            mstore(0x00, caller())\\n            sstore(keccak256(0x0c, 0x20), 0)\\n            // Emit the {OwnershipHandoverCanceled} event.\\n            log2(0, 0, _OWNERSHIP_HANDOVER_CANCELED_EVENT_SIGNATURE, caller())\\n        }\\n    }\\n\\n    /// @dev Allows the owner to complete the two-step ownership handover to `pendingOwner`.\\n    /// Reverts if there is no existing ownership handover requested by `pendingOwner`.\\n    function completeOwnershipHandover(address pendingOwner) public payable virtual onlyOwner {\\n        /// @solidity memory-safe-assembly\\n        assembly {\\n            // Compute and set the handover slot to 0.\\n            mstore(0x0c, _HANDOVER_SLOT_SEED)\\n            mstore(0x00, pendingOwner)\\n            let handoverSlot := keccak256(0x0c, 0x20)\\n            // If the handover does not exist, or has expired.\\n            if gt(timestamp(), sload(handoverSlot)) {\\n                mstore(0x00, 0x6f5e8818) // `NoHandoverRequest()`.\\n                revert(0x1c, 0x04)\\n            }\\n            // Set the handover slot to 0.\\n            sstore(handoverSlot, 0)\\n        }\\n        _setOwner(pendingOwner);\\n    }\\n\\n    /*\u00b4:\u00b0\u2022.\u00b0+.*\u2022\u00b4.*:\u02da.\u00b0*.\u02da\u2022\u00b4.\u00b0:\u00b0\u2022.\u00b0\u2022.*\u2022\u00b4.*:\u02da.\u00b0*.\u02da\u2022\u00b4.\u00b0:\u00b0\u2022.\u00b0+.*\u2022\u00b4.*:*/\\n    /*                   PUBLIC READ FUNCTIONS                    */\\n    /*.\u2022\u00b0:\u00b0.\u00b4+\u02da.*\u00b0.\u02da:*.\u00b4\u2022*.+\u00b0.\u2022\u00b0:\u00b4*.\u00b4\u2022*.\u2022\u00b0.\u2022\u00b0:\u00b0.\u00b4:\u2022\u02da\u00b0.*\u00b0.\u02da:*.\u00b4+\u00b0.\u2022*/\\n\\n    /// @dev Returns the owner of the contract.\\n    function owner() public view virtual returns (address result) {\\n        /// @solidity memory-safe-assembly\\n        assembly {\\n            result := sload(not(_OWNER_SLOT_NOT))\\n        }\\n    }\\n\\n    /// @dev Returns the expiry timestamp for the two-step ownership handover to `pendingOwner`.\\n    function ownershipHandoverExpiresAt(address pendingOwner)\\n        public\\n        view\\n        virtual\\n        returns (uint256 result)\\n    {\\n        /// @solidity memory-safe-assembly\\n        assembly {\\n            // Compute the handover slot.\\n            mstore(0x0c, _HANDOVER_SLOT_SEED)\\n            mstore(0x00, pendingOwner)\\n            // Load the handover slot.\\n            result := sload(keccak256(0x0c, 0x20))\\n        }\\n    }\\n\\n    /*\u00b4:\u00b0\u2022.\u00b0+.*\u2022\u00b4.*:\u02da.\u00b0*.\u02da\u2022\u00b4.\u00b0:\u00b0\u2022.\u00b0\u2022.*\u2022\u00b4.*:\u02da.\u00b0*.\u02da\u2022\u00b4.\u00b0:\u00b0\u2022.\u00b0+.*\u2022\u00b4.*:*/\\n    /*                         MODIFIERS                          */\\n    /*.\u2022\u00b0:\u00b0.\u00b4+\u02da.*\u00b0.\u02da:*.\u00b4\u2022*.+\u00b0.\u2022\u00b0:\u00b4*.\u00b4\u2022*.\u2022\u00b0.\u2022\u00b0:\u00b0.\u00b4:\u2022\u02da\u00b0.*\u00b0.\u02da:*.\u00b4+\u00b0.\u2022*/\\n\\n    /// @dev Marks a function as only callable by the owner.\\n    modifier onlyOwner() virtual {\\n        _checkOwner();\\n        _;\\n    }\\n}\\n\"\r\n    },\r\n    \"src/Create/contracts/v1/Version.sol\": {\r\n      \"content\": \"// SPDX-License-Identifier: MIT\\npragma solidity ^0.8.21;\\n\\nabstract contract Version {\\n    /// @notice The version of the contract.\\n    uint32 public immutable contractVersion;\\n\\n    constructor(uint32 _contractVersion) {\\n        contractVersion = _contractVersion;\\n    }\\n}\\n\"\r\n    },\r\n    \"src/Create/interfaces/v1/IMintModuleRegistry.sol\": {\r\n      \"content\": \"// SPDX-License-Identifier: MIT\\npragma solidity ^0.8.21;\\n\\ninterface IMintModuleRegistryEvents {\\n    /// @notice Emitted when a new module is registered.\\n    /// @param module The contract address of the new mint module.\\n    event ModuleAdded(address indexed module);\\n\\n    /// @notice Emitted when a module is unregistered.\\n    /// @param module The address of mint module being removed.\\n    event ModuleRemoved(address indexed module);\\n}\\n\\ninterface IMintModuleRegistry is IMintModuleRegistryEvents {\\n    error AlreadyRegistered();\\n    error NotRegistered();\\n    error InvalidAddress();\\n\\n    /// @notice Registers a new mint module.\\n    /// @dev Can only be executed by protocol admin. Raises `InvalidAddress` if `mintModule` is the zero address.\\n    /// Raises `AlreadyRegistered` if the module is already registered.\\n    /// @param mintModule The contract address of the mint module.\\n    function addModule(address mintModule) external;\\n\\n    /// @notice Unregisters a mint module.\\n    /// @dev Can only be executed by protocol admin. Raises `InvalidAddress` if `mintModule` is the zero address.\\n    /// Raises `NotRegistered` if the module isn't currently registered.\\n    /// @param mintModule The contract address of the mint module.\\n    function removeModule(address mintModule) external;\\n\\n    /// @notice Checks if a mint module is registered.\\n    /// @param mintModule The contract address of the mint module.\\n    /// @return isModuleRegistered True if the module is registered, false otherwise.\\n    function isRegistered(address mintModule) external view returns (bool isModuleRegistered);\\n\\n    /// @notice Checks if the mint module is registered.\\n    /// @dev Reverts with `NotRegistered` if the module isn't registered.\\n    /// @param mintModule The contract address of the mint module.\\n    function checkModule(address mintModule) external;\\n}\\n\"\r\n    }\r\n  },\r\n  \"settings\": {\r\n    \"remappings\": [\r\n      \"ERC721A/=lib/ERC721A/contracts/\",\r\n      \"ds-test/=lib/forge-std/lib/ds-test/src/\",\r\n      \"forge-std/=lib/forge-std/src/\",\r\n      \"openzeppelin/=lib/openzeppelin-contracts/contracts/\",\r\n      \"solmate/=lib/solmate/src/\",\r\n      \"solady/=lib/solady/src/\",\r\n      \"fundrop/=src/Fundrop/\",\r\n      \"operator-filter-registry/=lib/operator-filter-registry/src/\",\r\n      \"base64/=lib/base64/\",\r\n      \"create/=src/Create/\",\r\n      \"erc4626-tests/=lib/operator-filter-registry/lib/openzeppelin-contracts/lib/erc4626-tests/\",\r\n      \"erc721a-upgradeable/=lib/erc721a-upgradeable/contracts/\",\r\n      \"openzeppelin-contracts-upgradeable/=lib/operator-filter-registry/lib/openzeppelin-contracts-upgradeable/\",\r\n      \"openzeppelin-contracts/=lib/openzeppelin-contracts/\"\r\n    ],\r\n    \"optimizer\": {\r\n      \"enabled\": true,\r\n      \"runs\": 250000\r\n    },\r\n    \"metadata\": {\r\n      \"useLiteralContent\": false,\r\n      \"bytecodeHash\": \"ipfs\",\r\n      \"appendCBOR\": true\r\n    },\r\n    \"outputSelection\": {\r\n      \"*\": {\r\n        \"*\": [\r\n          \"evm.bytecode\",\r\n          \"evm.deployedBytecode\",\r\n          \"devdoc\",\r\n          \"userdoc\",\r\n          \"metadata\",\r\n          \"abi\"\r\n        ]\r\n      }\r\n    },\r\n    \"evmVersion\": \"paris\",\r\n    \"libraries\": {}\r\n  }\r\n}}", "ABI": "[{\"inputs\":[],\"stateMutability\":\"nonpayable\",\"type\":\"constructor\"},{\"inputs\":[],\"name\":\"AlreadyRegistered\",\"type\":\"error\"},{\"inputs\":[],\"name\":\"InvalidAddress\",\"type\":\"error\"},{\"inputs\":[],\"name\":\"NewOwnerIsZeroAddress\",\"type\":\"error\"},{\"inputs\":[],\"name\":\"NoHandoverRequest\",\"type\":\"error\"},{\"inputs\":[],\"name\":\"NotRegistered\",\"type\":\"error\"},{\"inputs\":[],\"name\":\"Unauthorized\",\"type\":\"error\"},{\"anonymous\":false,\"inputs\":[{\"indexed\":true,\"internalType\":\"address\",\"name\":\"module\",\"type\":\"address\"}],\"name\":\"ModuleAdded\",\"type\":\"event\"},{\"anonymous\":false,\"inputs\":[{\"indexed\":true,\"internalType\":\"address\",\"name\":\"module\",\"type\":\"address\"}],\"name\":\"ModuleRemoved\",\"type\":\"event\"},{\"anonymous\":false,\"inputs\":[{\"indexed\":true,\"internalType\":\"address\",\"name\":\"pendingOwner\",\"type\":\"address\"}],\"name\":\"OwnershipHandoverCanceled\",\"type\":\"event\"},{\"anonymous\":false,\"inputs\":[{\"indexed\":true,\"internalType\":\"address\",\"name\":\"pendingOwner\",\"type\":\"address\"}],\"name\":\"OwnershipHandoverRequested\",\"type\":\"event\"},{\"anonymous\":false,\"inputs\":[{\"indexed\":true,\"internalType\":\"address\",\"name\":\"oldOwner\",\"type\":\"address\"},{\"indexed\":true,\"internalType\":\"address\",\"name\":\"newOwner\",\"type\":\"address\"}],\"name\":\"OwnershipTransferred\",\"type\":\"event\"},{\"inputs\":[{\"internalType\":\"address\",\"name\":\"module\",\"type\":\"address\"}],\"name\":\"addModule\",\"outputs\":[],\"stateMutability\":\"nonpayable\",\"type\":\"function\"},{\"inputs\":[],\"name\":\"cancelOwnershipHandover\",\"outputs\":[],\"stateMutability\":\"payable\",\"type\":\"function\"},{\"inputs\":[{\"internalType\":\"address\",\"name\":\"mintModule\",\"type\":\"address\"}],\"name\":\"checkModule\",\"outputs\":[],\"stateMutability\":\"view\",\"type\":\"function\"},{\"inputs\":[{\"internalType\":\"address\",\"name\":\"pendingOwner\",\"type\":\"address\"}],\"name\":\"completeOwnershipHandover\",\"outputs\":[],\"stateMutability\":\"payable\",\"type\":\"function\"},{\"inputs\":[],\"name\":\"contractVersion\",\"outputs\":[{\"internalType\":\"uint32\",\"name\":\"\",\"type\":\"uint32\"}],\"stateMutability\":\"view\",\"type\":\"function\"},{\"inputs\":[{\"internalType\":\"address\",\"name\":\"\",\"type\":\"address\"}],\"name\":\"isRegistered\",\"outputs\":[{\"internalType\":\"bool\",\"name\":\"\",\"type\":\"bool\"}],\"stateMutability\":\"view\",\"type\":\"function\"},{\"inputs\":[],\"name\":\"owner\",\"outputs\":[{\"internalType\":\"address\",\"name\":\"result\",\"type\":\"address\"}],\"stateMutability\":\"view\",\"type\":\"function\"},{\"inputs\":[{\"internalType\":\"address\",\"name\":\"pendingOwner\",\"type\":\"address\"}],\"name\":\"ownershipHandoverExpiresAt\",\"outputs\":[{\"internalType\":\"uint256\",\"name\":\"result\",\"type\":\"uint256\"}],\"stateMutability\":\"view\",\"type\":\"function\"},{\"inputs\":[{\"internalType\":\"address\",\"name\":\"module\",\"type\":\"address\"}],\"name\":\"removeModule\",\"outputs\":[],\"stateMutability\":\"nonpayable\",\"type\":\"function\"},{\"inputs\":[],\"name\":\"renounceOwnership\",\"outputs\":[],\"stateMutability\":\"payable\",\"type\":\"function\"},{\"inputs\":[],\"name\":\"requestOwnershipHandover\",\"outputs\":[],\"stateMutability\":\"payable\",\"type\":\"function\"},{\"inputs\":[{\"internalType\":\"address\",\"name\":\"newOwner\",\"type\":\"address\"}],\"name\":\"transferOwnership\",\"outputs\":[],\"stateMutability\":\"payable\",\"type\":\"function\"}]", "ContractName": "MintModuleRegistry", "CompilerVersion": "v0.8.21+commit.d9974bed", "OptimizationUsed": "1", "Runs": "250000", "ConstructorArguments": "", "EVMVersion": "paris", "Library": "", "LicenseType": "", "Proxy": "0", "Implementation": "", "SwarmSource": ""}