{"SourceCode": "{{\r\n  \"language\": \"Solidity\",\r\n  \"sources\": {\r\n    \"src/Create/contracts/v1/MintFactory.sol\": {\r\n      \"content\": \"// SPDX-License-Identifier: MIT\\npragma solidity ^0.8.21;\\n\\nimport {IMetadataRenderer} from \\\"create/interfaces/v1/IMetadataRenderer.sol\\\";\\nimport {LibClone} from \\\"solady/utils/LibClone.sol\\\";\\nimport {Ownable} from \\\"solady/auth/Ownable.sol\\\";\\nimport {Pausable} from \\\"openzeppelin/security/Pausable.sol\\\";\\nimport {IMintFactory} from \\\"create/interfaces/v1/IMintFactory.sol\\\";\\nimport {Mint721Configuration} from \\\"create/interfaces/v1/Mint721Configuration.sol\\\";\\nimport {IMint721} from \\\"create/interfaces/v1/IMint721.sol\\\";\\n\\ncontract MintFactory is IMintFactory, Ownable, Pausable {\\n    /// @notice The mint module registry.\\n    address public mintModuleRegistry;\\n    /// @notice The implementation of Mint721 to be cloned here.\\n    address public mint721Implementation;\\n\\n    error InvalidAddress();\\n\\n    constructor() {\\n        _initializeOwner(tx.origin);\\n    }\\n\\n    /// @inheritdoc IMintFactory\\n    function createBasicEdition(\\n        Mint721Configuration calldata mint721Configuration,\\n        IMetadataRenderer metadataRenderer,\\n        bytes calldata metadataRendererData,\\n        bytes32 salt,\\n        address[] calldata mintModuleAddresses,\\n        bytes[] calldata mintModuleData\\n    ) external returns (address contractAddress) {\\n        return _createBasicEdtion(\\n            mint721Configuration, metadataRenderer, metadataRendererData, salt, mintModuleAddresses, mintModuleData\\n        );\\n    }\\n\\n    /// @inheritdoc IMintFactory\\n    function createBasicEdition_efficient_d3ea1b36(\\n        Mint721Configuration calldata mint721Configuration,\\n        IMetadataRenderer metadataRenderer,\\n        bytes calldata metadataRendererData,\\n        bytes32 salt,\\n        address[] calldata mintModuleAddresses,\\n        bytes[] calldata mintModuleData\\n    ) external returns (address contractAddress) {\\n        return _createBasicEdtion(\\n            mint721Configuration, metadataRenderer, metadataRendererData, salt, mintModuleAddresses, mintModuleData\\n        );\\n    }\\n\\n    function _createBasicEdtion(\\n        Mint721Configuration calldata mint721Configuration,\\n        IMetadataRenderer metadataRenderer,\\n        bytes calldata metadataRendererData,\\n        bytes32 salt,\\n        address[] calldata mintModuleAddresses,\\n        bytes[] calldata mintModuleData\\n    ) internal whenNotPaused returns (address contractAddress) {\\n        if (address(bytes20(salt)) != msg.sender) revert InvalidSalt();\\n\\n        contractAddress = LibClone.cloneDeterministic(mint721Implementation, salt);\\n\\n        IMint721(contractAddress).initialize(\\n            mint721Configuration,\\n            mintModuleRegistry,\\n            metadataRenderer,\\n            metadataRendererData,\\n            mintModuleAddresses,\\n            mintModuleData,\\n            msg.sender\\n        );\\n\\n        emit ContractCreated(contractAddress, msg.sender);\\n    }\\n\\n    /// @inheritdoc IMintFactory\\n    function updateImplementations(address _mintModuleRegistry, address _mint721Implementation) external onlyOwner {\\n        if (_mintModuleRegistry == address(0) || _mint721Implementation == address(0)) {\\n            revert InvalidAddress();\\n        }\\n\\n        mintModuleRegistry = _mintModuleRegistry;\\n        mint721Implementation = _mint721Implementation;\\n    }\\n\\n    function pause() external onlyOwner {\\n        _pause();\\n    }\\n\\n    function unpause() external onlyOwner {\\n        _unpause();\\n    }\\n}\\n\"\r\n    },\r\n    \"src/Create/interfaces/v1/IMetadataRenderer.sol\": {\r\n      \"content\": \"// SPDX-License-Identifier: MIT\\npragma solidity ^0.8.21;\\n\\ninterface IMetadataRenderer {\\n    /// @notice Retrieves the token URI for the specified token ID.\\n    /// @param tokenId The ID of the token.\\n    /// @return uri The URI of the token.\\n    function tokenURI(uint256 tokenId) external view returns (string memory uri);\\n}\\n\"\r\n    },\r\n    \"lib/solady/src/utils/LibClone.sol\": {\r\n      \"content\": \"// SPDX-License-Identifier: MIT\\npragma solidity ^0.8.4;\\n\\n/// @notice Minimal proxy library.\\n/// @author Solady (https://github.com/vectorized/solady/blob/main/src/utils/LibClone.sol)\\n/// @author Minimal proxy by 0age (https://github.com/0age)\\n/// @author Clones with immutable args by wighawag, zefram.eth, Saw-mon & Natalie\\n/// (https://github.com/Saw-mon-and-Natalie/clones-with-immutable-args)\\n///\\n/// @dev Minimal proxy:\\n/// Although the sw0nt pattern saves 5 gas over the erc-1167 pattern during runtime,\\n/// it is not supported out-of-the-box on Etherscan. Hence, we choose to use the 0age pattern,\\n/// which saves 4 gas over the erc-1167 pattern during runtime, and has the smallest bytecode.\\n///\\n/// @dev Minimal proxy (PUSH0 variant):\\n/// This is a new minimal proxy that uses the PUSH0 opcode introduced during Shanghai.\\n/// It is optimized first for minimal runtime gas, then for minimal bytecode.\\n/// The PUSH0 clone functions are intentionally postfixed with a jarring \\\"_PUSH0\\\" as\\n/// many EVM chains may not support the PUSH0 opcode in the early months after Shanghai.\\n/// Please use with caution.\\n///\\n/// @dev Clones with immutable args (CWIA):\\n/// The implementation of CWIA here implements a `receive()` method that emits the\\n/// `ReceiveETH(uint256)` event. This skips the `DELEGATECALL` when there is no calldata,\\n/// enabling us to accept hard gas-capped `sends` & `transfers` for maximum backwards\\n/// composability. The minimal proxy implementation does not offer this feature.\\nlibrary LibClone {\\n    /*\u00b4:\u00b0\u2022.\u00b0+.*\u2022\u00b4.*:\u02da.\u00b0*.\u02da\u2022\u00b4.\u00b0:\u00b0\u2022.\u00b0\u2022.*\u2022\u00b4.*:\u02da.\u00b0*.\u02da\u2022\u00b4.\u00b0:\u00b0\u2022.\u00b0+.*\u2022\u00b4.*:*/\\n    /*                       CUSTOM ERRORS                        */\\n    /*.\u2022\u00b0:\u00b0.\u00b4+\u02da.*\u00b0.\u02da:*.\u00b4\u2022*.+\u00b0.\u2022\u00b0:\u00b4*.\u00b4\u2022*.\u2022\u00b0.\u2022\u00b0:\u00b0.\u00b4:\u2022\u02da\u00b0.*\u00b0.\u02da:*.\u00b4+\u00b0.\u2022*/\\n\\n    /// @dev Unable to deploy the clone.\\n    error DeploymentFailed();\\n\\n    /// @dev The salt must start with either the zero address or the caller.\\n    error SaltDoesNotStartWithCaller();\\n\\n    /*\u00b4:\u00b0\u2022.\u00b0+.*\u2022\u00b4.*:\u02da.\u00b0*.\u02da\u2022\u00b4.\u00b0:\u00b0\u2022.\u00b0\u2022.*\u2022\u00b4.*:\u02da.\u00b0*.\u02da\u2022\u00b4.\u00b0:\u00b0\u2022.\u00b0+.*\u2022\u00b4.*:*/\\n    /*                  MINIMAL PROXY OPERATIONS                  */\\n    /*.\u2022\u00b0:\u00b0.\u00b4+\u02da.*\u00b0.\u02da:*.\u00b4\u2022*.+\u00b0.\u2022\u00b0:\u00b4*.\u00b4\u2022*.\u2022\u00b0.\u2022\u00b0:\u00b0.\u00b4:\u2022\u02da\u00b0.*\u00b0.\u02da:*.\u00b4+\u00b0.\u2022*/\\n\\n    /// @dev Deploys a clone of `implementation`.\\n    function clone(address implementation) internal returns (address instance) {\\n        /// @solidity memory-safe-assembly\\n        assembly {\\n            /**\\n             * --------------------------------------------------------------------------+\\n             * CREATION (9 bytes)                                                        |\\n             * --------------------------------------------------------------------------|\\n             * Opcode     | Mnemonic          | Stack     | Memory                       |\\n             * --------------------------------------------------------------------------|\\n             * 60 runSize | PUSH1 runSize     | r         |                              |\\n             * 3d         | RETURNDATASIZE    | 0 r       |                              |\\n             * 81         | DUP2              | r 0 r     |                              |\\n             * 60 offset  | PUSH1 offset      | o r 0 r   |                              |\\n             * 3d         | RETURNDATASIZE    | 0 o r 0 r |                              |\\n             * 39         | CODECOPY          | 0 r       | [0..runSize): runtime code   |\\n             * f3         | RETURN            |           | [0..runSize): runtime code   |\\n             * --------------------------------------------------------------------------|\\n             * RUNTIME (44 bytes)                                                        |\\n             * --------------------------------------------------------------------------|\\n             * Opcode  | Mnemonic       | Stack                  | Memory                |\\n             * --------------------------------------------------------------------------|\\n             *                                                                           |\\n             * ::: keep some values in stack ::::::::::::::::::::::::::::::::::::::::::: |\\n             * 3d      | RETURNDATASIZE | 0                      |                       |\\n             * 3d      | RETURNDATASIZE | 0 0                    |                       |\\n             * 3d      | RETURNDATASIZE | 0 0 0                  |                       |\\n             * 3d      | RETURNDATASIZE | 0 0 0 0                |                       |\\n             *                                                                           |\\n             * ::: copy calldata to memory ::::::::::::::::::::::::::::::::::::::::::::: |\\n             * 36      | CALLDATASIZE   | cds 0 0 0 0            |                       |\\n             * 3d      | RETURNDATASIZE | 0 cds 0 0 0 0          |                       |\\n             * 3d      | RETURNDATASIZE | 0 0 cds 0 0 0 0        |                       |\\n             * 37      | CALLDATACOPY   | 0 0 0 0                | [0..cds): calldata    |\\n             *                                                                           |\\n             * ::: delegate call to the implementation contract :::::::::::::::::::::::: |\\n             * 36      | CALLDATASIZE   | cds 0 0 0 0            | [0..cds): calldata    |\\n             * 3d      | RETURNDATASIZE | 0 cds 0 0 0 0          | [0..cds): calldata    |\\n             * 73 addr | PUSH20 addr    | addr 0 cds 0 0 0 0     | [0..cds): calldata    |\\n             * 5a      | GAS            | gas addr 0 cds 0 0 0 0 | [0..cds): calldata    |\\n             * f4      | DELEGATECALL   | success 0 0            | [0..cds): calldata    |\\n             *                                                                           |\\n             * ::: copy return data to memory :::::::::::::::::::::::::::::::::::::::::: |\\n             * 3d      | RETURNDATASIZE | rds success 0 0        | [0..cds): calldata    |\\n             * 3d      | RETURNDATASIZE | rds rds success 0 0    | [0..cds): calldata    |\\n             * 93      | SWAP4          | 0 rds success 0 rds    | [0..cds): calldata    |\\n             * 80      | DUP1           | 0 0 rds success 0 rds  | [0..cds): calldata    |\\n             * 3e      | RETURNDATACOPY | success 0 rds          | [0..rds): returndata  |\\n             *                                                                           |\\n             * 60 0x2a | PUSH1 0x2a     | 0x2a success 0 rds     | [0..rds): returndata  |\\n             * 57      | JUMPI          | 0 rds                  | [0..rds): returndata  |\\n             *                                                                           |\\n             * ::: revert :::::::::::::::::::::::::::::::::::::::::::::::::::::::::::::: |\\n             * fd      | REVERT         |                        | [0..rds): returndata  |\\n             *                                                                           |\\n             * ::: return :::::::::::::::::::::::::::::::::::::::::::::::::::::::::::::: |\\n             * 5b      | JUMPDEST       | 0 rds                  | [0..rds): returndata  |\\n             * f3      | RETURN         |                        | [0..rds): returndata  |\\n             * --------------------------------------------------------------------------+\\n             */\\n\\n            mstore(0x21, 0x5af43d3d93803e602a57fd5bf3)\\n            mstore(0x14, implementation)\\n            mstore(0x00, 0x602c3d8160093d39f33d3d3d3d363d3d37363d73)\\n            instance := create(0, 0x0c, 0x35)\\n            // If `instance` is zero, revert.\\n            if iszero(instance) {\\n                // Store the function selector of `DeploymentFailed()`.\\n                mstore(0x00, 0x30116425)\\n                // Revert with (offset, size).\\n                revert(0x1c, 0x04)\\n            }\\n            // Restore the part of the free memory pointer that has been overwritten.\\n            mstore(0x21, 0)\\n        }\\n    }\\n\\n    /// @dev Deploys a deterministic clone of `implementation` with `salt`.\\n    function cloneDeterministic(address implementation, bytes32 salt)\\n        internal\\n        returns (address instance)\\n    {\\n        /// @solidity memory-safe-assembly\\n        assembly {\\n            mstore(0x21, 0x5af43d3d93803e602a57fd5bf3)\\n            mstore(0x14, implementation)\\n            mstore(0x00, 0x602c3d8160093d39f33d3d3d3d363d3d37363d73)\\n            instance := create2(0, 0x0c, 0x35, salt)\\n            // If `instance` is zero, revert.\\n            if iszero(instance) {\\n                // Store the function selector of `DeploymentFailed()`.\\n                mstore(0x00, 0x30116425)\\n                // Revert with (offset, size).\\n                revert(0x1c, 0x04)\\n            }\\n            // Restore the part of the free memory pointer that has been overwritten.\\n            mstore(0x21, 0)\\n        }\\n    }\\n\\n    /// @dev Returns the initialization code hash of the clone of `implementation`.\\n    /// Used for mining vanity addresses with create2crunch.\\n    function initCodeHash(address implementation) internal pure returns (bytes32 hash) {\\n        /// @solidity memory-safe-assembly\\n        assembly {\\n            mstore(0x21, 0x5af43d3d93803e602a57fd5bf3)\\n            mstore(0x14, implementation)\\n            mstore(0x00, 0x602c3d8160093d39f33d3d3d3d363d3d37363d73)\\n            hash := keccak256(0x0c, 0x35)\\n            // Restore the part of the free memory pointer that has been overwritten.\\n            mstore(0x21, 0)\\n        }\\n    }\\n\\n    /// @dev Returns the address of the deterministic clone of `implementation`,\\n    /// with `salt` by `deployer`.\\n    /// Note: The returned result has dirty upper 96 bits. Please clean if used in assembly.\\n    function predictDeterministicAddress(address implementation, bytes32 salt, address deployer)\\n        internal\\n        pure\\n        returns (address predicted)\\n    {\\n        bytes32 hash = initCodeHash(implementation);\\n        predicted = predictDeterministicAddress(hash, salt, deployer);\\n    }\\n\\n    /*\u00b4:\u00b0\u2022.\u00b0+.*\u2022\u00b4.*:\u02da.\u00b0*.\u02da\u2022\u00b4.\u00b0:\u00b0\u2022.\u00b0\u2022.*\u2022\u00b4.*:\u02da.\u00b0*.\u02da\u2022\u00b4.\u00b0:\u00b0\u2022.\u00b0+.*\u2022\u00b4.*:*/\\n    /*          MINIMAL PROXY OPERATIONS (PUSH0 VARIANT)          */\\n    /*.\u2022\u00b0:\u00b0.\u00b4+\u02da.*\u00b0.\u02da:*.\u00b4\u2022*.+\u00b0.\u2022\u00b0:\u00b4*.\u00b4\u2022*.\u2022\u00b0.\u2022\u00b0:\u00b0.\u00b4:\u2022\u02da\u00b0.*\u00b0.\u02da:*.\u00b4+\u00b0.\u2022*/\\n\\n    /// @dev Deploys a PUSH0 clone of `implementation`.\\n    function clone_PUSH0(address implementation) internal returns (address instance) {\\n        /// @solidity memory-safe-assembly\\n        assembly {\\n            /**\\n             * --------------------------------------------------------------------------+\\n             * CREATION (9 bytes)                                                        |\\n             * --------------------------------------------------------------------------|\\n             * Opcode     | Mnemonic          | Stack     | Memory                       |\\n             * --------------------------------------------------------------------------|\\n             * 60 runSize | PUSH1 runSize     | r         |                              |\\n             * 5f         | PUSH0             | 0 r       |                              |\\n             * 81         | DUP2              | r 0 r     |                              |\\n             * 60 offset  | PUSH1 offset      | o r 0 r   |                              |\\n             * 5f         | PUSH0             | 0 o r 0 r |                              |\\n             * 39         | CODECOPY          | 0 r       | [0..runSize): runtime code   |\\n             * f3         | RETURN            |           | [0..runSize): runtime code   |\\n             * --------------------------------------------------------------------------|\\n             * RUNTIME (45 bytes)                                                        |\\n             * --------------------------------------------------------------------------|\\n             * Opcode  | Mnemonic       | Stack                  | Memory                |\\n             * --------------------------------------------------------------------------|\\n             *                                                                           |\\n             * ::: keep some values in stack ::::::::::::::::::::::::::::::::::::::::::: |\\n             * 5f      | PUSH0          | 0                      |                       |\\n             * 5f      | PUSH0          | 0 0                    |                       |\\n             *                                                                           |\\n             * ::: copy calldata to memory ::::::::::::::::::::::::::::::::::::::::::::: |\\n             * 36      | CALLDATASIZE   | cds 0 0                |                       |\\n             * 5f      | PUSH0          | 0 cds 0 0              |                       |\\n             * 5f      | PUSH0          | 0 0 cds 0 0            |                       |\\n             * 37      | CALLDATACOPY   | 0 0                    | [0..cds): calldata    |\\n             *                                                                           |\\n             * ::: delegate call to the implementation contract :::::::::::::::::::::::: |\\n             * 36      | CALLDATASIZE   | cds 0 0                | [0..cds): calldata    |\\n             * 5f      | PUSH0          | 0 cds 0 0              | [0..cds): calldata    |\\n             * 73 addr | PUSH20 addr    | addr 0 cds 0 0         | [0..cds): calldata    |\\n             * 5a      | GAS            | gas addr 0 cds 0 0     | [0..cds): calldata    |\\n             * f4      | DELEGATECALL   | success                | [0..cds): calldata    |\\n             *                                                                           |\\n             * ::: copy return data to memory :::::::::::::::::::::::::::::::::::::::::: |\\n             * 3d      | RETURNDATASIZE | rds success            | [0..cds): calldata    |\\n             * 5f      | PUSH0          | 0 rds success          | [0..cds): calldata    |\\n             * 5f      | PUSH0          | 0 0 rds success        | [0..cds): calldata    |\\n             * 3e      | RETURNDATACOPY | success                | [0..rds): returndata  |\\n             *                                                                           |\\n             * 60 0x29 | PUSH1 0x29     | 0x29 success           | [0..rds): returndata  |\\n             * 57      | JUMPI          |                        | [0..rds): returndata  |\\n             *                                                                           |\\n             * ::: revert :::::::::::::::::::::::::::::::::::::::::::::::::::::::::::::: |\\n             * 3d      | RETURNDATASIZE | rds                    | [0..rds): returndata  |\\n             * 5f      | PUSH0          | 0 rds                  | [0..rds): returndata  |\\n             * fd      | REVERT         |                        | [0..rds): returndata  |\\n             *                                                                           |\\n             * ::: return :::::::::::::::::::::::::::::::::::::::::::::::::::::::::::::: |\\n             * 5b      | JUMPDEST       |                        | [0..rds): returndata  |\\n             * 3d      | RETURNDATASIZE | rds                    | [0..rds): returndata  |\\n             * 5f      | PUSH0          | 0 rds                  | [0..rds): returndata  |\\n             * f3      | RETURN         |                        | [0..rds): returndata  |\\n             * --------------------------------------------------------------------------+\\n             */\\n\\n            mstore(0x24, 0x5af43d5f5f3e6029573d5ffd5b3d5ff3) // 16\\n            mstore(0x14, implementation) // 20\\n            mstore(0x00, 0x602d5f8160095f39f35f5f365f5f37365f73) // 9 + 9\\n            instance := create(0, 0x0e, 0x36)\\n            // If `instance` is zero, revert.\\n            if iszero(instance) {\\n                // Store the function selector of `DeploymentFailed()`.\\n                mstore(0x00, 0x30116425)\\n                // Revert with (offset, size).\\n                revert(0x1c, 0x04)\\n            }\\n            // Restore the part of the free memory pointer that has been overwritten.\\n            mstore(0x24, 0)\\n        }\\n    }\\n\\n    /// @dev Deploys a deterministic PUSH0 clone of `implementation` with `salt`.\\n    function cloneDeterministic_PUSH0(address implementation, bytes32 salt)\\n        internal\\n        returns (address instance)\\n    {\\n        /// @solidity memory-safe-assembly\\n        assembly {\\n            mstore(0x24, 0x5af43d5f5f3e6029573d5ffd5b3d5ff3) // 16\\n            mstore(0x14, implementation) // 20\\n            mstore(0x00, 0x602d5f8160095f39f35f5f365f5f37365f73) // 9 + 9\\n            instance := create2(0, 0x0e, 0x36, salt)\\n            // If `instance` is zero, revert.\\n            if iszero(instance) {\\n                // Store the function selector of `DeploymentFailed()`.\\n                mstore(0x00, 0x30116425)\\n                // Revert with (offset, size).\\n                revert(0x1c, 0x04)\\n            }\\n            // Restore the part of the free memory pointer that has been overwritten.\\n            mstore(0x24, 0)\\n        }\\n    }\\n\\n    /// @dev Returns the initialization code hash of the PUSH0 clone of `implementation`.\\n    /// Used for mining vanity addresses with create2crunch.\\n    function initCodeHash_PUSH0(address implementation) internal pure returns (bytes32 hash) {\\n        /// @solidity memory-safe-assembly\\n        assembly {\\n            mstore(0x24, 0x5af43d5f5f3e6029573d5ffd5b3d5ff3) // 16\\n            mstore(0x14, implementation) // 20\\n            mstore(0x00, 0x602d5f8160095f39f35f5f365f5f37365f73) // 9 + 9\\n            hash := keccak256(0x0e, 0x36)\\n            // Restore the part of the free memory pointer that has been overwritten.\\n            mstore(0x24, 0)\\n        }\\n    }\\n\\n    /// @dev Returns the address of the deterministic PUSH0 clone of `implementation`,\\n    /// with `salt` by `deployer`.\\n    /// Note: The returned result has dirty upper 96 bits. Please clean if used in assembly.\\n    function predictDeterministicAddress_PUSH0(\\n        address implementation,\\n        bytes32 salt,\\n        address deployer\\n    ) internal pure returns (address predicted) {\\n        bytes32 hash = initCodeHash_PUSH0(implementation);\\n        predicted = predictDeterministicAddress(hash, salt, deployer);\\n    }\\n\\n    /*\u00b4:\u00b0\u2022.\u00b0+.*\u2022\u00b4.*:\u02da.\u00b0*.\u02da\u2022\u00b4.\u00b0:\u00b0\u2022.\u00b0\u2022.*\u2022\u00b4.*:\u02da.\u00b0*.\u02da\u2022\u00b4.\u00b0:\u00b0\u2022.\u00b0+.*\u2022\u00b4.*:*/\\n    /*           CLONES WITH IMMUTABLE ARGS OPERATIONS            */\\n    /*.\u2022\u00b0:\u00b0.\u00b4+\u02da.*\u00b0.\u02da:*.\u00b4\u2022*.+\u00b0.\u2022\u00b0:\u00b4*.\u00b4\u2022*.\u2022\u00b0.\u2022\u00b0:\u00b0.\u00b4:\u2022\u02da\u00b0.*\u00b0.\u02da:*.\u00b4+\u00b0.\u2022*/\\n\\n    /// @dev Deploys a minimal proxy with `implementation`,\\n    /// using immutable arguments encoded in `data`.\\n    ///\\n    /// Note: This implementation of CWIA differs from the original implementation.\\n    /// If the calldata is empty, it will emit a `ReceiveETH(uint256)` event and skip the `DELEGATECALL`.\\n    function clone(address implementation, bytes memory data) internal returns (address instance) {\\n        assembly {\\n            // Compute the boundaries of the data and cache the memory slots around it.\\n            let mBefore3 := mload(sub(data, 0x60))\\n            let mBefore2 := mload(sub(data, 0x40))\\n            let mBefore1 := mload(sub(data, 0x20))\\n            let dataLength := mload(data)\\n            let dataEnd := add(add(data, 0x20), dataLength)\\n            let mAfter1 := mload(dataEnd)\\n\\n            // +2 bytes for telling how much data there is appended to the call.\\n            let extraLength := add(dataLength, 2)\\n            // The `creationSize` is `extraLength + 108`\\n            // The `runSize` is `creationSize - 10`.\\n\\n            /**\\n             * ---------------------------------------------------------------------------------------------------+\\n             * CREATION (10 bytes)                                                                                |\\n             * ---------------------------------------------------------------------------------------------------|\\n             * Opcode     | Mnemonic          | Stack     | Memory                                                |\\n             * ---------------------------------------------------------------------------------------------------|\\n             * 61 runSize | PUSH2 runSize     | r         |                                                       |\\n             * 3d         | RETURNDATASIZE    | 0 r       |                                                       |\\n             * 81         | DUP2              | r 0 r     |                                                       |\\n             * 60 offset  | PUSH1 offset      | o r 0 r   |                                                       |\\n             * 3d         | RETURNDATASIZE    | 0 o r 0 r |                                                       |\\n             * 39         | CODECOPY          | 0 r       | [0..runSize): runtime code                            |\\n             * f3         | RETURN            |           | [0..runSize): runtime code                            |\\n             * ---------------------------------------------------------------------------------------------------|\\n             * RUNTIME (98 bytes + extraLength)                                                                   |\\n             * ---------------------------------------------------------------------------------------------------|\\n             * Opcode   | Mnemonic       | Stack                    | Memory                                      |\\n             * ---------------------------------------------------------------------------------------------------|\\n             *                                                                                                    |\\n             * ::: if no calldata, emit event & return w/o `DELEGATECALL` ::::::::::::::::::::::::::::::::::::::: |\\n             * 36       | CALLDATASIZE   | cds                      |                                             |\\n             * 60 0x2c  | PUSH1 0x2c     | 0x2c cds                 |                                             |\\n             * 57       | JUMPI          |                          |                                             |\\n             * 34       | CALLVALUE      | cv                       |                                             |\\n             * 3d       | RETURNDATASIZE | 0 cv                     |                                             |\\n             * 52       | MSTORE         |                          | [0..0x20): callvalue                        |\\n             * 7f sig   | PUSH32 0x9e..  | sig                      | [0..0x20): callvalue                        |\\n             * 59       | MSIZE          | 0x20 sig                 | [0..0x20): callvalue                        |\\n             * 3d       | RETURNDATASIZE | 0 0x20 sig               | [0..0x20): callvalue                        |\\n             * a1       | LOG1           |                          | [0..0x20): callvalue                        |\\n             * 00       | STOP           |                          | [0..0x20): callvalue                        |\\n             * 5b       | JUMPDEST       |                          |                                             |\\n             *                                                                                                    |\\n             * ::: copy calldata to memory :::::::::::::::::::::::::::::::::::::::::::::::::::::::::::::::::::::: |\\n             * 36       | CALLDATASIZE   | cds                      |                                             |\\n             * 3d       | RETURNDATASIZE | 0 cds                    |                                             |\\n             * 3d       | RETURNDATASIZE | 0 0 cds                  |                                             |\\n             * 37       | CALLDATACOPY   |                          | [0..cds): calldata                          |\\n             *                                                                                                    |\\n             * ::: keep some values in stack :::::::::::::::::::::::::::::::::::::::::::::::::::::::::::::::::::: |\\n             * 3d       | RETURNDATASIZE | 0                        | [0..cds): calldata                          |\\n             * 3d       | RETURNDATASIZE | 0 0                      | [0..cds): calldata                          |\\n             * 3d       | RETURNDATASIZE | 0 0 0                    | [0..cds): calldata                          |\\n             * 3d       | RETURNDATASIZE | 0 0 0 0                  | [0..cds): calldata                          |\\n             * 61 extra | PUSH2 extra    | e 0 0 0 0                | [0..cds): calldata                          |\\n             *                                                                                                    |\\n             * ::: copy extra data to memory :::::::::::::::::::::::::::::::::::::::::::::::::::::::::::::::::::: |\\n             * 80       | DUP1           | e e 0 0 0 0              | [0..cds): calldata                          |\\n             * 60 0x62  | PUSH1 0x62     | 0x62 e e 0 0 0 0         | [0..cds): calldata                          |\\n             * 36       | CALLDATASIZE   | cds 0x62 e e 0 0 0 0     | [0..cds): calldata                          |\\n             * 39       | CODECOPY       | e 0 0 0 0                | [0..cds): calldata, [cds..cds+e): extraData |\\n             *                                                                                                    |\\n             * ::: delegate call to the implementation contract ::::::::::::::::::::::::::::::::::::::::::::::::: |\\n             * 36       | CALLDATASIZE   | cds e 0 0 0 0            | [0..cds): calldata, [cds..cds+e): extraData |\\n             * 01       | ADD            | cds+e 0 0 0 0            | [0..cds): calldata, [cds..cds+e): extraData |\\n             * 3d       | RETURNDATASIZE | 0 cds+e 0 0 0 0          | [0..cds): calldata, [cds..cds+e): extraData |\\n             * 73 addr  | PUSH20 addr    | addr 0 cds+e 0 0 0 0     | [0..cds): calldata, [cds..cds+e): extraData |\\n             * 5a       | GAS            | gas addr 0 cds+e 0 0 0 0 | [0..cds): calldata, [cds..cds+e): extraData |\\n             * f4       | DELEGATECALL   | success 0 0              | [0..cds): calldata, [cds..cds+e): extraData |\\n             *                                                                                                    |\\n             * ::: copy return data to memory ::::::::::::::::::::::::::::::::::::::::::::::::::::::::::::::::::: |\\n             * 3d       | RETURNDATASIZE | rds success 0 0          | [0..cds): calldata, [cds..cds+e): extraData |\\n             * 3d       | RETURNDATASIZE | rds rds success 0 0      | [0..cds): calldata, [cds..cds+e): extraData |\\n             * 93       | SWAP4          | 0 rds success 0 rds      | [0..cds): calldata, [cds..cds+e): extraData |\\n             * 80       | DUP1           | 0 0 rds success 0 rds    | [0..cds): calldata, [cds..cds+e): extraData |\\n             * 3e       | RETURNDATACOPY | success 0 rds            | [0..rds): returndata                        |\\n             *                                                                                                    |\\n             * 60 0x60  | PUSH1 0x60     | 0x60 success 0 rds       | [0..rds): returndata                        |\\n             * 57       | JUMPI          | 0 rds                    | [0..rds): returndata                        |\\n             *                                                                                                    |\\n             * ::: revert ::::::::::::::::::::::::::::::::::::::::::::::::::::::::::::::::::::::::::::::::::::::: |\\n             * fd       | REVERT         |                          | [0..rds): returndata                        |\\n             *                                                                                                    |\\n             * ::: return ::::::::::::::::::::::::::::::::::::::::::::::::::::::::::::::::::::::::::::::::::::::: |\\n             * 5b       | JUMPDEST       | 0 rds                    | [0..rds): returndata                        |\\n             * f3       | RETURN         |                          | [0..rds): returndata                        |\\n             * ---------------------------------------------------------------------------------------------------+\\n             */\\n            // Write the bytecode before the data.\\n            mstore(data, 0x5af43d3d93803e606057fd5bf3)\\n            // Write the address of the implementation.\\n            mstore(sub(data, 0x0d), implementation)\\n            // Write the rest of the bytecode.\\n            mstore(\\n                sub(data, 0x21),\\n                or(shl(0x48, extraLength), 0x593da1005b363d3d373d3d3d3d610000806062363936013d73)\\n            )\\n            // `keccak256(\\\"ReceiveETH(uint256)\\\")`\\n            mstore(\\n                sub(data, 0x3a), 0x9e4ac34f21c619cefc926c8bd93b54bf5a39c7ab2127a895af1cc0691d7e3dff\\n            )\\n            mstore(\\n                // Do a out-of-gas revert if `extraLength` is too big. 0xffff - 0x62 + 0x01 = 0xff9e.\\n                // The actual EVM limit may be smaller and may change over time.\\n                sub(data, add(0x59, lt(extraLength, 0xff9e))),\\n                or(shl(0x78, add(extraLength, 0x62)), 0xfd6100003d81600a3d39f336602c57343d527f)\\n            )\\n            mstore(dataEnd, shl(0xf0, extraLength))\\n\\n            // Create the instance.\\n            instance := create(0, sub(data, 0x4c), add(extraLength, 0x6c))\\n\\n            // If `instance` is zero, revert.\\n            if iszero(instance) {\\n                // Store the function selector of `DeploymentFailed()`.\\n                mstore(0x00, 0x30116425)\\n                // Revert with (offset, size).\\n                revert(0x1c, 0x04)\\n            }\\n\\n            // Restore the overwritten memory surrounding `data`.\\n            mstore(dataEnd, mAfter1)\\n            mstore(data, dataLength)\\n            mstore(sub(data, 0x20), mBefore1)\\n            mstore(sub(data, 0x40), mBefore2)\\n            mstore(sub(data, 0x60), mBefore3)\\n        }\\n    }\\n\\n    /// @dev Deploys a deterministic clone of `implementation`,\\n    /// using immutable arguments encoded in `data`, with `salt`.\\n    ///\\n    /// Note: This implementation of CWIA differs from the original implementation.\\n    /// If the calldata is empty, it will emit a `ReceiveETH(uint256)` event and skip the `DELEGATECALL`.\\n    function cloneDeterministic(address implementation, bytes memory data, bytes32 salt)\\n        internal\\n        returns (address instance)\\n    {\\n        assembly {\\n            // Compute the boundaries of the data and cache the memory slots around it.\\n            let mBefore3 := mload(sub(data, 0x60))\\n            let mBefore2 := mload(sub(data, 0x40))\\n            let mBefore1 := mload(sub(data, 0x20))\\n            let dataLength := mload(data)\\n            let dataEnd := add(add(data, 0x20), dataLength)\\n            let mAfter1 := mload(dataEnd)\\n\\n            // +2 bytes for telling how much data there is appended to the call.\\n            let extraLength := add(dataLength, 2)\\n\\n            // Write the bytecode before the data.\\n            mstore(data, 0x5af43d3d93803e606057fd5bf3)\\n            // Write the address of the implementation.\\n            mstore(sub(data, 0x0d), implementation)\\n            // Write the rest of the bytecode.\\n            mstore(\\n                sub(data, 0x21),\\n                or(shl(0x48, extraLength), 0x593da1005b363d3d373d3d3d3d610000806062363936013d73)\\n            )\\n            // `keccak256(\\\"ReceiveETH(uint256)\\\")`\\n            mstore(\\n                sub(data, 0x3a), 0x9e4ac34f21c619cefc926c8bd93b54bf5a39c7ab2127a895af1cc0691d7e3dff\\n            )\\n            mstore(\\n                // Do a out-of-gas revert if `extraLength` is too big. 0xffff - 0x62 + 0x01 = 0xff9e.\\n                // The actual EVM limit may be smaller and may change over time.\\n                sub(data, add(0x59, lt(extraLength, 0xff9e))),\\n                or(shl(0x78, add(extraLength, 0x62)), 0xfd6100003d81600a3d39f336602c57343d527f)\\n            )\\n            mstore(dataEnd, shl(0xf0, extraLength))\\n\\n            // Create the instance.\\n            instance := create2(0, sub(data, 0x4c), add(extraLength, 0x6c), salt)\\n\\n            // If `instance` is zero, revert.\\n            if iszero(instance) {\\n                // Store the function selector of `DeploymentFailed()`.\\n                mstore(0x00, 0x30116425)\\n                // Revert with (offset, size).\\n                revert(0x1c, 0x04)\\n            }\\n\\n            // Restore the overwritten memory surrounding `data`.\\n            mstore(dataEnd, mAfter1)\\n            mstore(data, dataLength)\\n            mstore(sub(data, 0x20), mBefore1)\\n            mstore(sub(data, 0x40), mBefore2)\\n            mstore(sub(data, 0x60), mBefore3)\\n        }\\n    }\\n\\n    /// @dev Returns the initialization code hash of the clone of `implementation`\\n    /// using immutable arguments encoded in `data`.\\n    /// Used for mining vanity addresses with create2crunch.\\n    function initCodeHash(address implementation, bytes memory data)\\n        internal\\n        pure\\n        returns (bytes32 hash)\\n    {\\n        assembly {\\n            // Compute the boundaries of the data and cache the memory slots around it.\\n            let mBefore3 := mload(sub(data, 0x60))\\n            let mBefore2 := mload(sub(data, 0x40))\\n            let mBefore1 := mload(sub(data, 0x20))\\n            let dataLength := mload(data)\\n            let dataEnd := add(add(data, 0x20), dataLength)\\n            let mAfter1 := mload(dataEnd)\\n\\n            // Do a out-of-gas revert if `dataLength` is too big. 0xffff - 0x02 - 0x62 = 0xff9b.\\n            // The actual EVM limit may be smaller and may change over time.\\n            returndatacopy(returndatasize(), returndatasize(), gt(dataLength, 0xff9b))\\n\\n            // +2 bytes for telling how much data there is appended to the call.\\n            let extraLength := add(dataLength, 2)\\n\\n            // Write the bytecode before the data.\\n            mstore(data, 0x5af43d3d93803e606057fd5bf3)\\n            // Write the address of the implementation.\\n            mstore(sub(data, 0x0d), implementation)\\n            // Write the rest of the bytecode.\\n            mstore(\\n                sub(data, 0x21),\\n                or(shl(0x48, extraLength), 0x593da1005b363d3d373d3d3d3d610000806062363936013d73)\\n            )\\n            // `keccak256(\\\"ReceiveETH(uint256)\\\")`\\n            mstore(\\n                sub(data, 0x3a), 0x9e4ac34f21c619cefc926c8bd93b54bf5a39c7ab2127a895af1cc0691d7e3dff\\n            )\\n            mstore(\\n                sub(data, 0x5a),\\n                or(shl(0x78, add(extraLength, 0x62)), 0x6100003d81600a3d39f336602c57343d527f)\\n            )\\n            mstore(dataEnd, shl(0xf0, extraLength))\\n\\n            // Compute and store the bytecode hash.\\n            hash := keccak256(sub(data, 0x4c), add(extraLength, 0x6c))\\n\\n            // Restore the overwritten memory surrounding `data`.\\n            mstore(dataEnd, mAfter1)\\n            mstore(data, dataLength)\\n            mstore(sub(data, 0x20), mBefore1)\\n            mstore(sub(data, 0x40), mBefore2)\\n            mstore(sub(data, 0x60), mBefore3)\\n        }\\n    }\\n\\n    /// @dev Returns the address of the deterministic clone of\\n    /// `implementation` using immutable arguments encoded in `data`, with `salt`, by `deployer`.\\n    /// Note: The returned result has dirty upper 96 bits. Please clean if used in assembly.\\n    function predictDeterministicAddress(\\n        address implementation,\\n        bytes memory data,\\n        bytes32 salt,\\n        address deployer\\n    ) internal pure returns (address predicted) {\\n        bytes32 hash = initCodeHash(implementation, data);\\n        predicted = predictDeterministicAddress(hash, salt, deployer);\\n    }\\n\\n    /*\u00b4:\u00b0\u2022.\u00b0+.*\u2022\u00b4.*:\u02da.\u00b0*.\u02da\u2022\u00b4.\u00b0:\u00b0\u2022.\u00b0\u2022.*\u2022\u00b4.*:\u02da.\u00b0*.\u02da\u2022\u00b4.\u00b0:\u00b0\u2022.\u00b0+.*\u2022\u00b4.*:*/\\n    /*                      OTHER OPERATIONS                      */\\n    /*.\u2022\u00b0:\u00b0.\u00b4+\u02da.*\u00b0.\u02da:*.\u00b4\u2022*.+\u00b0.\u2022\u00b0:\u00b4*.\u00b4\u2022*.\u2022\u00b0.\u2022\u00b0:\u00b0.\u00b4:\u2022\u02da\u00b0.*\u00b0.\u02da:*.\u00b4+\u00b0.\u2022*/\\n\\n    /// @dev Returns the address when a contract with initialization code hash,\\n    /// `hash`, is deployed with `salt`, by `deployer`.\\n    /// Note: The returned result has dirty upper 96 bits. Please clean if used in assembly.\\n    function predictDeterministicAddress(bytes32 hash, bytes32 salt, address deployer)\\n        internal\\n        pure\\n        returns (address predicted)\\n    {\\n        /// @solidity memory-safe-assembly\\n        assembly {\\n            // Compute and store the bytecode hash.\\n            mstore8(0x00, 0xff) // Write the prefix.\\n            mstore(0x35, hash)\\n            mstore(0x01, shl(96, deployer))\\n            mstore(0x15, salt)\\n            predicted := keccak256(0x00, 0x55)\\n            // Restore the part of the free memory pointer that has been overwritten.\\n            mstore(0x35, 0)\\n        }\\n    }\\n\\n    /// @dev Reverts if `salt` does not start with either the zero address or the caller.\\n    function checkStartsWithCaller(bytes32 salt) internal view {\\n        /// @solidity memory-safe-assembly\\n        assembly {\\n            // If the salt does not start with the zero address or the caller.\\n            if iszero(or(iszero(shr(96, salt)), eq(caller(), shr(96, salt)))) {\\n                // Store the function selector of `SaltDoesNotStartWithCaller()`.\\n                mstore(0x00, 0x2f634836)\\n                // Revert with (offset, size).\\n                revert(0x1c, 0x04)\\n            }\\n        }\\n    }\\n}\\n\"\r\n    },\r\n    \"lib/solady/src/auth/Ownable.sol\": {\r\n      \"content\": \"// SPDX-License-Identifier: MIT\\npragma solidity ^0.8.4;\\n\\n/// @notice Simple single owner authorization mixin.\\n/// @author Solady (https://github.com/vectorized/solady/blob/main/src/auth/Ownable.sol)\\n///\\n/// @dev Note:\\n/// This implementation does NOT auto-initialize the owner to `msg.sender`.\\n/// You MUST call the `_initializeOwner` in the constructor / initializer.\\n///\\n/// While the ownable portion follows\\n/// [EIP-173](https://eips.ethereum.org/EIPS/eip-173) for compatibility,\\n/// the nomenclature for the 2-step ownership handover may be unique to this codebase.\\nabstract contract Ownable {\\n    /*\u00b4:\u00b0\u2022.\u00b0+.*\u2022\u00b4.*:\u02da.\u00b0*.\u02da\u2022\u00b4.\u00b0:\u00b0\u2022.\u00b0\u2022.*\u2022\u00b4.*:\u02da.\u00b0*.\u02da\u2022\u00b4.\u00b0:\u00b0\u2022.\u00b0+.*\u2022\u00b4.*:*/\\n    /*                       CUSTOM ERRORS                        */\\n    /*.\u2022\u00b0:\u00b0.\u00b4+\u02da.*\u00b0.\u02da:*.\u00b4\u2022*.+\u00b0.\u2022\u00b0:\u00b4*.\u00b4\u2022*.\u2022\u00b0.\u2022\u00b0:\u00b0.\u00b4:\u2022\u02da\u00b0.*\u00b0.\u02da:*.\u00b4+\u00b0.\u2022*/\\n\\n    /// @dev The caller is not authorized to call the function.\\n    error Unauthorized();\\n\\n    /// @dev The `newOwner` cannot be the zero address.\\n    error NewOwnerIsZeroAddress();\\n\\n    /// @dev The `pendingOwner` does not have a valid handover request.\\n    error NoHandoverRequest();\\n\\n    /*\u00b4:\u00b0\u2022.\u00b0+.*\u2022\u00b4.*:\u02da.\u00b0*.\u02da\u2022\u00b4.\u00b0:\u00b0\u2022.\u00b0\u2022.*\u2022\u00b4.*:\u02da.\u00b0*.\u02da\u2022\u00b4.\u00b0:\u00b0\u2022.\u00b0+.*\u2022\u00b4.*:*/\\n    /*                           EVENTS                           */\\n    /*.\u2022\u00b0:\u00b0.\u00b4+\u02da.*\u00b0.\u02da:*.\u00b4\u2022*.+\u00b0.\u2022\u00b0:\u00b4*.\u00b4\u2022*.\u2022\u00b0.\u2022\u00b0:\u00b0.\u00b4:\u2022\u02da\u00b0.*\u00b0.\u02da:*.\u00b4+\u00b0.\u2022*/\\n\\n    /// @dev The ownership is transferred from `oldOwner` to `newOwner`.\\n    /// This event is intentionally kept the same as OpenZeppelin's Ownable to be\\n    /// compatible with indexers and [EIP-173](https://eips.ethereum.org/EIPS/eip-173),\\n    /// despite it not being as lightweight as a single argument event.\\n    event OwnershipTransferred(address indexed oldOwner, address indexed newOwner);\\n\\n    /// @dev An ownership handover to `pendingOwner` has been requested.\\n    event OwnershipHandoverRequested(address indexed pendingOwner);\\n\\n    /// @dev The ownership handover to `pendingOwner` has been canceled.\\n    event OwnershipHandoverCanceled(address indexed pendingOwner);\\n\\n    /// @dev `keccak256(bytes(\\\"OwnershipTransferred(address,address)\\\"))`.\\n    uint256 private constant _OWNERSHIP_TRANSFERRED_EVENT_SIGNATURE =\\n        0x8be0079c531659141344cd1fd0a4f28419497f9722a3daafe3b4186f6b6457e0;\\n\\n    /// @dev `keccak256(bytes(\\\"OwnershipHandoverRequested(address)\\\"))`.\\n    uint256 private constant _OWNERSHIP_HANDOVER_REQUESTED_EVENT_SIGNATURE =\\n        0xdbf36a107da19e49527a7176a1babf963b4b0ff8cde35ee35d6cd8f1f9ac7e1d;\\n\\n    /// @dev `keccak256(bytes(\\\"OwnershipHandoverCanceled(address)\\\"))`.\\n    uint256 private constant _OWNERSHIP_HANDOVER_CANCELED_EVENT_SIGNATURE =\\n        0xfa7b8eab7da67f412cc9575ed43464468f9bfbae89d1675917346ca6d8fe3c92;\\n\\n    /*\u00b4:\u00b0\u2022.\u00b0+.*\u2022\u00b4.*:\u02da.\u00b0*.\u02da\u2022\u00b4.\u00b0:\u00b0\u2022.\u00b0\u2022.*\u2022\u00b4.*:\u02da.\u00b0*.\u02da\u2022\u00b4.\u00b0:\u00b0\u2022.\u00b0+.*\u2022\u00b4.*:*/\\n    /*                          STORAGE                           */\\n    /*.\u2022\u00b0:\u00b0.\u00b4+\u02da.*\u00b0.\u02da:*.\u00b4\u2022*.+\u00b0.\u2022\u00b0:\u00b4*.\u00b4\u2022*.\u2022\u00b0.\u2022\u00b0:\u00b0.\u00b4:\u2022\u02da\u00b0.*\u00b0.\u02da:*.\u00b4+\u00b0.\u2022*/\\n\\n    /// @dev The owner slot is given by: `not(_OWNER_SLOT_NOT)`.\\n    /// It is intentionally chosen to be a high value\\n    /// to avoid collision with lower slots.\\n    /// The choice of manual storage layout is to enable compatibility\\n    /// with both regular and upgradeable contracts.\\n    uint256 private constant _OWNER_SLOT_NOT = 0x8b78c6d8;\\n\\n    /// The ownership handover slot of `newOwner` is given by:\\n    /// ```\\n    ///     mstore(0x00, or(shl(96, user), _HANDOVER_SLOT_SEED))\\n    ///     let handoverSlot := keccak256(0x00, 0x20)\\n    /// ```\\n    /// It stores the expiry timestamp of the two-step ownership handover.\\n    uint256 private constant _HANDOVER_SLOT_SEED = 0x389a75e1;\\n\\n    /*\u00b4:\u00b0\u2022.\u00b0+.*\u2022\u00b4.*:\u02da.\u00b0*.\u02da\u2022\u00b4.\u00b0:\u00b0\u2022.\u00b0\u2022.*\u2022\u00b4.*:\u02da.\u00b0*.\u02da\u2022\u00b4.\u00b0:\u00b0\u2022.\u00b0+.*\u2022\u00b4.*:*/\\n    /*                     INTERNAL FUNCTIONS                     */\\n    /*.\u2022\u00b0:\u00b0.\u00b4+\u02da.*\u00b0.\u02da:*.\u00b4\u2022*.+\u00b0.\u2022\u00b0:\u00b4*.\u00b4\u2022*.\u2022\u00b0.\u2022\u00b0:\u00b0.\u00b4:\u2022\u02da\u00b0.*\u00b0.\u02da:*.\u00b4+\u00b0.\u2022*/\\n\\n    /// @dev Initializes the owner directly without authorization guard.\\n    /// This function must be called upon initialization,\\n    /// regardless of whether the contract is upgradeable or not.\\n    /// This is to enable generalization to both regular and upgradeable contracts,\\n    /// and to save gas in case the initial owner is not the caller.\\n    /// For performance reasons, this function will not check if there\\n    /// is an existing owner.\\n    function _initializeOwner(address newOwner) internal virtual {\\n        /// @solidity memory-safe-assembly\\n        assembly {\\n            // Clean the upper 96 bits.\\n            newOwner := shr(96, shl(96, newOwner))\\n            // Store the new value.\\n            sstore(not(_OWNER_SLOT_NOT), newOwner)\\n            // Emit the {OwnershipTransferred} event.\\n            log3(0, 0, _OWNERSHIP_TRANSFERRED_EVENT_SIGNATURE, 0, newOwner)\\n        }\\n    }\\n\\n    /// @dev Sets the owner directly without authorization guard.\\n    function _setOwner(address newOwner) internal virtual {\\n        /// @solidity memory-safe-assembly\\n        assembly {\\n            let ownerSlot := not(_OWNER_SLOT_NOT)\\n            // Clean the upper 96 bits.\\n            newOwner := shr(96, shl(96, newOwner))\\n            // Emit the {OwnershipTransferred} event.\\n            log3(0, 0, _OWNERSHIP_TRANSFERRED_EVENT_SIGNATURE, sload(ownerSlot), newOwner)\\n            // Store the new value.\\n            sstore(ownerSlot, newOwner)\\n        }\\n    }\\n\\n    /// @dev Throws if the sender is not the owner.\\n    function _checkOwner() internal view virtual {\\n        /// @solidity memory-safe-assembly\\n        assembly {\\n            // If the caller is not the stored owner, revert.\\n            if iszero(eq(caller(), sload(not(_OWNER_SLOT_NOT)))) {\\n                mstore(0x00, 0x82b42900) // `Unauthorized()`.\\n                revert(0x1c, 0x04)\\n            }\\n        }\\n    }\\n\\n    /// @dev Returns how long a two-step ownership handover is valid for in seconds.\\n    /// Override to return a different value if needed.\\n    /// Made internal to conserve bytecode. Wrap it in a public function if needed.\\n    function _ownershipHandoverValidFor() internal view virtual returns (uint64) {\\n        return 48 * 3600;\\n    }\\n\\n    /*\u00b4:\u00b0\u2022.\u00b0+.*\u2022\u00b4.*:\u02da.\u00b0*.\u02da\u2022\u00b4.\u00b0:\u00b0\u2022.\u00b0\u2022.*\u2022\u00b4.*:\u02da.\u00b0*.\u02da\u2022\u00b4.\u00b0:\u00b0\u2022.\u00b0+.*\u2022\u00b4.*:*/\\n    /*                  PUBLIC UPDATE FUNCTIONS                   */\\n    /*.\u2022\u00b0:\u00b0.\u00b4+\u02da.*\u00b0.\u02da:*.\u00b4\u2022*.+\u00b0.\u2022\u00b0:\u00b4*.\u00b4\u2022*.\u2022\u00b0.\u2022\u00b0:\u00b0.\u00b4:\u2022\u02da\u00b0.*\u00b0.\u02da:*.\u00b4+\u00b0.\u2022*/\\n\\n    /// @dev Allows the owner to transfer the ownership to `newOwner`.\\n    function transferOwnership(address newOwner) public payable virtual onlyOwner {\\n        /// @solidity memory-safe-assembly\\n        assembly {\\n            if iszero(shl(96, newOwner)) {\\n                mstore(0x00, 0x7448fbae) // `NewOwnerIsZeroAddress()`.\\n                revert(0x1c, 0x04)\\n            }\\n        }\\n        _setOwner(newOwner);\\n    }\\n\\n    /// @dev Allows the owner to renounce their ownership.\\n    function renounceOwnership() public payable virtual onlyOwner {\\n        _setOwner(address(0));\\n    }\\n\\n    /// @dev Request a two-step ownership handover to the caller.\\n    /// The request will automatically expire in 48 hours (172800 seconds) by default.\\n    function requestOwnershipHandover() public payable virtual {\\n        unchecked {\\n            uint256 expires = block.timestamp + _ownershipHandoverValidFor();\\n            /// @solidity memory-safe-assembly\\n            assembly {\\n                // Compute and set the handover slot to `expires`.\\n                mstore(0x0c, _HANDOVER_SLOT_SEED)\\n                mstore(0x00, caller())\\n                sstore(keccak256(0x0c, 0x20), expires)\\n                // Emit the {OwnershipHandoverRequested} event.\\n                log2(0, 0, _OWNERSHIP_HANDOVER_REQUESTED_EVENT_SIGNATURE, caller())\\n            }\\n        }\\n    }\\n\\n    /// @dev Cancels the two-step ownership handover to the caller, if any.\\n    function cancelOwnershipHandover() public payable virtual {\\n        /// @solidity memory-safe-assembly\\n        assembly {\\n            // Compute and set the handover slot to 0.\\n            mstore(0x0c, _HANDOVER_SLOT_SEED)\\n            mstore(0x00, caller())\\n            sstore(keccak256(0x0c, 0x20), 0)\\n            // Emit the {OwnershipHandoverCanceled} event.\\n            log2(0, 0, _OWNERSHIP_HANDOVER_CANCELED_EVENT_SIGNATURE, caller())\\n        }\\n    }\\n\\n    /// @dev Allows the owner to complete the two-step ownership handover to `pendingOwner`.\\n    /// Reverts if there is no existing ownership handover requested by `pendingOwner`.\\n    function completeOwnershipHandover(address pendingOwner) public payable virtual onlyOwner {\\n        /// @solidity memory-safe-assembly\\n        assembly {\\n            // Compute and set the handover slot to 0.\\n            mstore(0x0c, _HANDOVER_SLOT_SEED)\\n            mstore(0x00, pendingOwner)\\n            let handoverSlot := keccak256(0x0c, 0x20)\\n            // If the handover does not exist, or has expired.\\n            if gt(timestamp(), sload(handoverSlot)) {\\n                mstore(0x00, 0x6f5e8818) // `NoHandoverRequest()`.\\n                revert(0x1c, 0x04)\\n            }\\n            // Set the handover slot to 0.\\n            sstore(handoverSlot, 0)\\n        }\\n        _setOwner(pendingOwner);\\n    }\\n\\n    /*\u00b4:\u00b0\u2022.\u00b0+.*\u2022\u00b4.*:\u02da.\u00b0*.\u02da\u2022\u00b4.\u00b0:\u00b0\u2022.\u00b0\u2022.*\u2022\u00b4.*:\u02da.\u00b0*.\u02da\u2022\u00b4.\u00b0:\u00b0\u2022.\u00b0+.*\u2022\u00b4.*:*/\\n    /*                   PUBLIC READ FUNCTIONS                    */\\n    /*.\u2022\u00b0:\u00b0.\u00b4+\u02da.*\u00b0.\u02da:*.\u00b4\u2022*.+\u00b0.\u2022\u00b0:\u00b4*.\u00b4\u2022*.\u2022\u00b0.\u2022\u00b0:\u00b0.\u00b4:\u2022\u02da\u00b0.*\u00b0.\u02da:*.\u00b4+\u00b0.\u2022*/\\n\\n    /// @dev Returns the owner of the contract.\\n    function owner() public view virtual returns (address result) {\\n        /// @solidity memory-safe-assembly\\n        assembly {\\n            result := sload(not(_OWNER_SLOT_NOT))\\n        }\\n    }\\n\\n    /// @dev Returns the expiry timestamp for the two-step ownership handover to `pendingOwner`.\\n    function ownershipHandoverExpiresAt(address pendingOwner)\\n        public\\n        view\\n        virtual\\n        returns (uint256 result)\\n    {\\n        /// @solidity memory-safe-assembly\\n        assembly {\\n            // Compute the handover slot.\\n            mstore(0x0c, _HANDOVER_SLOT_SEED)\\n            mstore(0x00, pendingOwner)\\n            // Load the handover slot.\\n            result := sload(keccak256(0x0c, 0x20))\\n        }\\n    }\\n\\n    /*\u00b4:\u00b0\u2022.\u00b0+.*\u2022\u00b4.*:\u02da.\u00b0*.\u02da\u2022\u00b4.\u00b0:\u00b0\u2022.\u00b0\u2022.*\u2022\u00b4.*:\u02da.\u00b0*.\u02da\u2022\u00b4.\u00b0:\u00b0\u2022.\u00b0+.*\u2022\u00b4.*:*/\\n    /*                         MODIFIERS                          */\\n    /*.\u2022\u00b0:\u00b0.\u00b4+\u02da.*\u00b0.\u02da:*.\u00b4\u2022*.+\u00b0.\u2022\u00b0:\u00b4*.\u00b4\u2022*.\u2022\u00b0.\u2022\u00b0:\u00b0.\u00b4:\u2022\u02da\u00b0.*\u00b0.\u02da:*.\u00b4+\u00b0.\u2022*/\\n\\n    /// @dev Marks a function as only callable by the owner.\\n    modifier onlyOwner() virtual {\\n        _checkOwner();\\n        _;\\n    }\\n}\\n\"\r\n    },\r\n    \"lib/openzeppelin-contracts/contracts/security/Pausable.sol\": {\r\n      \"content\": \"// SPDX-License-Identifier: MIT\\n// OpenZeppelin Contracts (last updated v4.7.0) (security/Pausable.sol)\\n\\npragma solidity ^0.8.0;\\n\\nimport \\\"../utils/Context.sol\\\";\\n\\n/**\\n * @dev Contract module which allows children to implement an emergency stop\\n * mechanism that can be triggered by an authorized account.\\n *\\n * This module is used through inheritance. It will make available the\\n * modifiers `whenNotPaused` and `whenPaused`, which can be applied to\\n * the functions of your contract. Note that they will not be pausable by\\n * simply including this module, only once the modifiers are put in place.\\n */\\nabstract contract Pausable is Context {\\n    /**\\n     * @dev Emitted when the pause is triggered by `account`.\\n     */\\n    event Paused(address account);\\n\\n    /**\\n     * @dev Emitted when the pause is lifted by `account`.\\n     */\\n    event Unpaused(address account);\\n\\n    bool private _paused;\\n\\n    /**\\n     * @dev Initializes the contract in unpaused state.\\n     */\\n    constructor() {\\n        _paused = false;\\n    }\\n\\n    /**\\n     * @dev Modifier to make a function callable only when the contract is not paused.\\n     *\\n     * Requirements:\\n     *\\n     * - The contract must not be paused.\\n     */\\n    modifier whenNotPaused() {\\n        _requireNotPaused();\\n        _;\\n    }\\n\\n    /**\\n     * @dev Modifier to make a function callable only when the contract is paused.\\n     *\\n     * Requirements:\\n     *\\n     * - The contract must be paused.\\n     */\\n    modifier whenPaused() {\\n        _requirePaused();\\n        _;\\n    }\\n\\n    /**\\n     * @dev Returns true if the contract is paused, and false otherwise.\\n     */\\n    function paused() public view virtual returns (bool) {\\n        return _paused;\\n    }\\n\\n    /**\\n     * @dev Throws if the contract is paused.\\n     */\\n    function _requireNotPaused() internal view virtual {\\n        require(!paused(), \\\"Pausable: paused\\\");\\n    }\\n\\n    /**\\n     * @dev Throws if the contract is not paused.\\n     */\\n    function _requirePaused() internal view virtual {\\n        require(paused(), \\\"Pausable: not paused\\\");\\n    }\\n\\n    /**\\n     * @dev Triggers stopped state.\\n     *\\n     * Requirements:\\n     *\\n     * - The contract must not be paused.\\n     */\\n    function _pause() internal virtual whenNotPaused {\\n        _paused = true;\\n        emit Paused(_msgSender());\\n    }\\n\\n    /**\\n     * @dev Returns to normal state.\\n     *\\n     * Requirements:\\n     *\\n     * - The contract must be paused.\\n     */\\n    function _unpause() internal virtual whenPaused {\\n        _paused = false;\\n        emit Unpaused(_msgSender());\\n    }\\n}\\n\"\r\n    },\r\n    \"src/Create/interfaces/v1/IMintFactory.sol\": {\r\n      \"content\": \"// SPDX-License-Identifier: MIT\\npragma solidity ^0.8.21;\\n\\nimport {BasicMintConfiguration} from \\\"create/interfaces/v1/BasicMintConfiguration.sol\\\";\\nimport {Mint721Configuration} from \\\"create/interfaces/v1/Mint721Configuration.sol\\\";\\nimport {IPFSEditionRendererConfiguration} from \\\"create/interfaces/v1/IPFSEditionRendererConfiguration.sol\\\";\\nimport {IMetadataRenderer} from \\\"create/interfaces/v1/IMetadataRenderer.sol\\\";\\n\\ninterface IMintFactoryEvents {\\n    /// @notice Emitted when a new contract is created.\\n    /// @param _contract The address of the newly created contract.\\n    /// @param _creator The address who created the contract.\\n    event ContractCreated(address indexed _contract, address indexed _creator);\\n}\\n\\ninterface IMintFactory is IMintFactoryEvents {\\n    error InvalidSalt();\\n\\n    /// @notice Creates a new basic edition mint with the specified configurations.\\n    /// @dev Uses the CREATE2 opcode with `salt` to create a contract.\\n    /// `salt` should start with `msg.sender` and can be followed by any unique byte sequence.\\n    /// After the creation, the `ContractCreated` event is emitted.\\n    /// @param mint721Configuration The initial configuration for the NFT collection.\\n    /// @param metadataRenderer The metadata renderer contract address.\\n    /// @param metadataRendererData The configuration data for the metadata renderer, or 0 bytes if none.\\n    /// @param salt The CREATE2 salt used for predictable contract addressing. Must start with `msg.sender`.\\n    /// @param mintModuleAddresses The initial approved mint modules.\\n    /// @param mintModuleData The configuration data for the mint modules.\\n    /// @return contractAddress The address of the newly created contract.\\n    function createBasicEdition(\\n        Mint721Configuration calldata mint721Configuration,\\n        IMetadataRenderer metadataRenderer,\\n        bytes calldata metadataRendererData,\\n        bytes32 salt,\\n        address[] calldata mintModuleAddresses,\\n        bytes[] calldata mintModuleData\\n    ) external returns (address contractAddress);\\n\\n    /// @notice Creates a new basic edition mint with the specified configurations.\\n    /// @dev This is a functionally identical to `createBasicEdition`, but the four byte selector is 00000000.\\n    /// Uses the CREATE2 opcode with `salt` to create a contract.\\n    /// `salt` should start with `msg.sender` and can be followed by any unique byte sequence.\\n    /// After the creation, the `ContractCreated` event is emitted.\\n    /// @param mint721Configuration The initial configuration for the NFT collection.\\n    /// @param metadataRenderer The metadata renderer contract address.\\n    /// @param metadataRendererData The configuration data for the metadata renderer, or 0 bytes if none.\\n    /// @param salt The CREATE2 salt used for predictable contract addressing. Must start with `msg.sender`.\\n    /// @param mintModuleAddresses The initial approved mint modules.\\n    /// @param mintModuleData The configuration data for the mint modules.\\n    /// @return contractAddress The address of the newly created contract.\\n    function createBasicEdition_efficient_d3ea1b36(\\n        Mint721Configuration calldata mint721Configuration,\\n        IMetadataRenderer metadataRenderer,\\n        bytes calldata metadataRendererData,\\n        bytes32 salt,\\n        address[] calldata mintModuleAddresses,\\n        bytes[] calldata mintModuleData\\n    ) external returns (address contractAddress);\\n\\n    /// @notice Updates the contract implementations.\\n    /// @dev Can only be called by the protocol admin.\\n    /// @param mintModuleRegistry The new MintModuleRegistry contract address.\\n    /// @param mint721Implementation The new Mint721 contract address.\\n    function updateImplementations(address mintModuleRegistry, address mint721Implementation) external;\\n}\\n\"\r\n    },\r\n    \"src/Create/interfaces/v1/Mint721Configuration.sol\": {\r\n      \"content\": \"// SPDX-License-Identifier: MIT\\npragma solidity ^0.8.21;\\n\\nstruct Mint721Configuration {\\n    /// @notice NFT collection name\\n    string name;\\n    /// @notice NFT collection symbol\\n    string symbol;\\n}\\n\"\r\n    },\r\n    \"src/Create/interfaces/v1/IMint721.sol\": {\r\n      \"content\": \"// SPDX-License-Identifier: MIT\\npragma solidity ^0.8.21;\\n\\nimport {Mint721Configuration} from \\\"./Mint721Configuration.sol\\\";\\nimport {IMetadataRenderer} from \\\"./IMetadataRenderer.sol\\\";\\n\\ninterface IMint721 {\\n    /// @notice Initializes a new Mint721 contract with the provided configuration.\\n    /// @dev `mintModules` and `mintModulesData` must have the same cardinality.\\n    /// @param configuration The configuration data.\\n    /// @param mintModuleRegistry The mint module registry.\\n    /// @param metadataRenderer The metadata renderer.\\n    /// @param metadataRendererConfig The configuration data for the metadata renderer, or none if not required.\\n    /// @param mintModules The initial approved mint modules.\\n    /// @param mintModuleData The configuration data for the mint modules.\\n    /// @param creator The creator of the contract.\\n    function initialize(\\n        Mint721Configuration calldata configuration,\\n        address mintModuleRegistry,\\n        IMetadataRenderer metadataRenderer,\\n        bytes calldata metadataRendererConfig,\\n        address[] calldata mintModules,\\n        bytes[] calldata mintModuleData,\\n        address creator\\n    ) external;\\n}\\n\"\r\n    },\r\n    \"lib/openzeppelin-contracts/contracts/utils/Context.sol\": {\r\n      \"content\": \"// SPDX-License-Identifier: MIT\\n// OpenZeppelin Contracts v4.4.1 (utils/Context.sol)\\n\\npragma solidity ^0.8.0;\\n\\n/**\\n * @dev Provides information about the current execution context, including the\\n * sender of the transaction and its data. While these are generally available\\n * via msg.sender and msg.data, they should not be accessed in such a direct\\n * manner, since when dealing with meta-transactions the account sending and\\n * paying for execution may not be the actual sender (as far as an application\\n * is concerned).\\n *\\n * This contract is only required for intermediate, library-like contracts.\\n */\\nabstract contract Context {\\n    function _msgSender() internal view virtual returns (address) {\\n        return msg.sender;\\n    }\\n\\n    function _msgData() internal view virtual returns (bytes calldata) {\\n        return msg.data;\\n    }\\n}\\n\"\r\n    },\r\n    \"src/Create/interfaces/v1/BasicMintConfiguration.sol\": {\r\n      \"content\": \"// SPDX-License-Identifier: MIT\\npragma solidity ^0.8.21;\\n\\nstruct BasicMintConfiguration {\\n    /// @notice Purchase cost per token.\\n    uint256 price;\\n    /// @notice UNIX timestamp of mint start.\\n    uint64 mintStart;\\n    /// @notice UNIX timestamp of mint end, or zero if open-ended.\\n    uint64 mintEnd;\\n    /// @notice Maximum token purchase limit per wallet, or zero if no limit.\\n    uint32 maxPerWallet;\\n    /// @notice Maximum tokens mintable per transaction, or zero if no limit.\\n    uint32 maxPerTransaction;\\n    /// @notice Maximum tokens mintable by this module, or zero if no limit.\\n    uint32 maxForModule;\\n    /// @notice Maximum tokens that can be minted in total, or zero if no max.\\n    uint32 maxSupply;\\n}\\n\"\r\n    },\r\n    \"src/Create/interfaces/v1/IPFSEditionRendererConfiguration.sol\": {\r\n      \"content\": \"// SPDX-License-Identifier: MIT\\npragma solidity ^0.8.21;\\n\\nstruct IPFSEditionRendererConfiguration {\\n    /// @notice Name of the token\\n    string tokenName;\\n    /// @notice Description of the token\\n    string tokenDescription;\\n    /// @notice IPFS hash for token's image content\\n    string imageIPFSHash;\\n    /// @notice IPFS hash for token's animated content (if any)\\n    /// If empty, no animated content is associated with the token\\n    string animationIPFSHash;\\n    /// @notice Mime type for token's animated content (if any)\\n    string animationMimeType;\\n}\\n\"\r\n    }\r\n  },\r\n  \"settings\": {\r\n    \"remappings\": [\r\n      \"ERC721A/=lib/ERC721A/contracts/\",\r\n      \"ds-test/=lib/forge-std/lib/ds-test/src/\",\r\n      \"forge-std/=lib/forge-std/src/\",\r\n      \"openzeppelin/=lib/openzeppelin-contracts/contracts/\",\r\n      \"solmate/=lib/solmate/src/\",\r\n      \"solady/=lib/solady/src/\",\r\n      \"fundrop/=src/Fundrop/\",\r\n      \"operator-filter-registry/=lib/operator-filter-registry/src/\",\r\n      \"base64/=lib/base64/\",\r\n      \"create/=src/Create/\",\r\n      \"erc4626-tests/=lib/operator-filter-registry/lib/openzeppelin-contracts/lib/erc4626-tests/\",\r\n      \"erc721a-upgradeable/=lib/erc721a-upgradeable/contracts/\",\r\n      \"openzeppelin-contracts-upgradeable/=lib/operator-filter-registry/lib/openzeppelin-contracts-upgradeable/\",\r\n      \"openzeppelin-contracts/=lib/openzeppelin-contracts/\"\r\n    ],\r\n    \"optimizer\": {\r\n      \"enabled\": true,\r\n      \"runs\": 250000\r\n    },\r\n    \"metadata\": {\r\n      \"useLiteralContent\": false,\r\n      \"bytecodeHash\": \"ipfs\",\r\n      \"appendCBOR\": true\r\n    },\r\n    \"outputSelection\": {\r\n      \"*\": {\r\n        \"*\": [\r\n          \"evm.bytecode\",\r\n          \"evm.deployedBytecode\",\r\n          \"devdoc\",\r\n          \"userdoc\",\r\n          \"metadata\",\r\n          \"abi\"\r\n        ]\r\n      }\r\n    },\r\n    \"evmVersion\": \"paris\",\r\n    \"libraries\": {}\r\n  }\r\n}}", "ABI": "[{\"inputs\":[],\"stateMutability\":\"nonpayable\",\"type\":\"constructor\"},{\"inputs\":[],\"name\":\"InvalidAddress\",\"type\":\"error\"},{\"inputs\":[],\"name\":\"InvalidSalt\",\"type\":\"error\"},{\"inputs\":[],\"name\":\"NewOwnerIsZeroAddress\",\"type\":\"error\"},{\"inputs\":[],\"name\":\"NoHandoverRequest\",\"type\":\"error\"},{\"inputs\":[],\"name\":\"Unauthorized\",\"type\":\"error\"},{\"anonymous\":false,\"inputs\":[{\"indexed\":true,\"internalType\":\"address\",\"name\":\"_contract\",\"type\":\"address\"},{\"indexed\":true,\"internalType\":\"address\",\"name\":\"_creator\",\"type\":\"address\"}],\"name\":\"ContractCreated\",\"type\":\"event\"},{\"anonymous\":false,\"inputs\":[{\"indexed\":true,\"internalType\":\"address\",\"name\":\"pendingOwner\",\"type\":\"address\"}],\"name\":\"OwnershipHandoverCanceled\",\"type\":\"event\"},{\"anonymous\":false,\"inputs\":[{\"indexed\":true,\"internalType\":\"address\",\"name\":\"pendingOwner\",\"type\":\"address\"}],\"name\":\"OwnershipHandoverRequested\",\"type\":\"event\"},{\"anonymous\":false,\"inputs\":[{\"indexed\":true,\"internalType\":\"address\",\"name\":\"oldOwner\",\"type\":\"address\"},{\"indexed\":true,\"internalType\":\"address\",\"name\":\"newOwner\",\"type\":\"address\"}],\"name\":\"OwnershipTransferred\",\"type\":\"event\"},{\"anonymous\":false,\"inputs\":[{\"indexed\":false,\"internalType\":\"address\",\"name\":\"account\",\"type\":\"address\"}],\"name\":\"Paused\",\"type\":\"event\"},{\"anonymous\":false,\"inputs\":[{\"indexed\":false,\"internalType\":\"address\",\"name\":\"account\",\"type\":\"address\"}],\"name\":\"Unpaused\",\"type\":\"event\"},{\"inputs\":[],\"name\":\"cancelOwnershipHandover\",\"outputs\":[],\"stateMutability\":\"payable\",\"type\":\"function\"},{\"inputs\":[{\"internalType\":\"address\",\"name\":\"pendingOwner\",\"type\":\"address\"}],\"name\":\"completeOwnershipHandover\",\"outputs\":[],\"stateMutability\":\"payable\",\"type\":\"function\"},{\"inputs\":[{\"components\":[{\"internalType\":\"string\",\"name\":\"name\",\"type\":\"string\"},{\"internalType\":\"string\",\"name\":\"symbol\",\"type\":\"string\"}],\"internalType\":\"struct Mint721Configuration\",\"name\":\"mint721Configuration\",\"type\":\"tuple\"},{\"internalType\":\"contract IMetadataRenderer\",\"name\":\"metadataRenderer\",\"type\":\"address\"},{\"internalType\":\"bytes\",\"name\":\"metadataRendererData\",\"type\":\"bytes\"},{\"internalType\":\"bytes32\",\"name\":\"salt\",\"type\":\"bytes32\"},{\"internalType\":\"address[]\",\"name\":\"mintModuleAddresses\",\"type\":\"address[]\"},{\"internalType\":\"bytes[]\",\"name\":\"mintModuleData\",\"type\":\"bytes[]\"}],\"name\":\"createBasicEdition\",\"outputs\":[{\"internalType\":\"address\",\"name\":\"contractAddress\",\"type\":\"address\"}],\"stateMutability\":\"nonpayable\",\"type\":\"function\"},{\"inputs\":[{\"components\":[{\"internalType\":\"string\",\"name\":\"name\",\"type\":\"string\"},{\"internalType\":\"string\",\"name\":\"symbol\",\"type\":\"string\"}],\"internalType\":\"struct Mint721Configuration\",\"name\":\"mint721Configuration\",\"type\":\"tuple\"},{\"internalType\":\"contract IMetadataRenderer\",\"name\":\"metadataRenderer\",\"type\":\"address\"},{\"internalType\":\"bytes\",\"name\":\"metadataRendererData\",\"type\":\"bytes\"},{\"internalType\":\"bytes32\",\"name\":\"salt\",\"type\":\"bytes32\"},{\"internalType\":\"address[]\",\"name\":\"mintModuleAddresses\",\"type\":\"address[]\"},{\"internalType\":\"bytes[]\",\"name\":\"mintModuleData\",\"type\":\"bytes[]\"}],\"name\":\"createBasicEdition_efficient_d3ea1b36\",\"outputs\":[{\"internalType\":\"address\",\"name\":\"contractAddress\",\"type\":\"address\"}],\"stateMutability\":\"nonpayable\",\"type\":\"function\"},{\"inputs\":[],\"name\":\"mint721Implementation\",\"outputs\":[{\"internalType\":\"address\",\"name\":\"\",\"type\":\"address\"}],\"stateMutability\":\"view\",\"type\":\"function\"},{\"inputs\":[],\"name\":\"mintModuleRegistry\",\"outputs\":[{\"internalType\":\"address\",\"name\":\"\",\"type\":\"address\"}],\"stateMutability\":\"view\",\"type\":\"function\"},{\"inputs\":[],\"name\":\"owner\",\"outputs\":[{\"internalType\":\"address\",\"name\":\"result\",\"type\":\"address\"}],\"stateMutability\":\"view\",\"type\":\"function\"},{\"inputs\":[{\"internalType\":\"address\",\"name\":\"pendingOwner\",\"type\":\"address\"}],\"name\":\"ownershipHandoverExpiresAt\",\"outputs\":[{\"internalType\":\"uint256\",\"name\":\"result\",\"type\":\"uint256\"}],\"stateMutability\":\"view\",\"type\":\"function\"},{\"inputs\":[],\"name\":\"pause\",\"outputs\":[],\"stateMutability\":\"nonpayable\",\"type\":\"function\"},{\"inputs\":[],\"name\":\"paused\",\"outputs\":[{\"internalType\":\"bool\",\"name\":\"\",\"type\":\"bool\"}],\"stateMutability\":\"view\",\"type\":\"function\"},{\"inputs\":[],\"name\":\"renounceOwnership\",\"outputs\":[],\"stateMutability\":\"payable\",\"type\":\"function\"},{\"inputs\":[],\"name\":\"requestOwnershipHandover\",\"outputs\":[],\"stateMutability\":\"payable\",\"type\":\"function\"},{\"inputs\":[{\"internalType\":\"address\",\"name\":\"newOwner\",\"type\":\"address\"}],\"name\":\"transferOwnership\",\"outputs\":[],\"stateMutability\":\"payable\",\"type\":\"function\"},{\"inputs\":[],\"name\":\"unpause\",\"outputs\":[],\"stateMutability\":\"nonpayable\",\"type\":\"function\"},{\"inputs\":[{\"internalType\":\"address\",\"name\":\"_mintModuleRegistry\",\"type\":\"address\"},{\"internalType\":\"address\",\"name\":\"_mint721Implementation\",\"type\":\"address\"}],\"name\":\"updateImplementations\",\"outputs\":[],\"stateMutability\":\"nonpayable\",\"type\":\"function\"}]", "ContractName": "MintFactory", "CompilerVersion": "v0.8.21+commit.d9974bed", "OptimizationUsed": "1", "Runs": "250000", "ConstructorArguments": "", "EVMVersion": "paris", "Library": "", "LicenseType": "", "Proxy": "0", "Implementation": "", "SwarmSource": ""}